City_ID,City,Country,Date,Lat,Lng,Max Temp,Humidity,Cloudiness,Wind Speed
0,Vaini,TO,2022-07-23 03:20:20,-21.2,-175.2,75.36,83,75,13.8
1,Albany,US,2022-07-23 03:19:41,42.6001,-73.9662,76.78,82,65,3.69
2,Nizwa,OM,2022-07-23 03:23:29,22.9333,57.5333,84.69,67,87,2.39
3,Bethel,US,2022-07-23 03:23:29,41.3712,-73.414,76.62,89,0,0.0
4,Rikitea,PF,2022-07-23 03:20:10,-23.1203,-134.9692,72.88,73,16,9.69
5,Punta Arenas,CL,2022-07-23 03:20:16,-53.15,-70.9167,32.11,80,0,11.5
6,Zhezkazgan,KZ,2022-07-23 03:23:29,47.8043,67.7144,76.98,25,0,8.95
7,Ushuaia,AR,2022-07-23 03:19:56,-54.8,-68.3,35.26,87,40,17.27
8,Ponta Do Sol,PT,2022-07-23 03:23:30,32.6667,-17.1,70.72,65,12,4.97
9,Chuy,UY,2022-07-23 03:23:30,-33.6971,-53.4616,56.39,96,100,4.92
10,Lagoa,PT,2022-07-23 03:23:31,39.05,-27.9833,71.53,92,100,7.43
11,Raga,SS,2022-07-23 03:23:31,8.4596,25.678,67.24,99,78,4.68
12,Bengkulu,ID,2022-07-23 03:23:31,-3.8004,102.2655,84.45,63,25,1.32
13,Hami,CN,2022-07-23 03:23:32,42.8,93.45,93.79,11,0,3.69
14,Chimbote,PE,2022-07-23 03:23:32,-9.0853,-78.5783,61.57,88,35,5.95
15,Kantilo,IN,2022-07-23 03:23:32,20.35,85.1833,84.0,80,100,4.27
16,Athabasca,CA,2022-07-23 03:23:33,54.7169,-113.2854,63.01,86,52,5.37
17,Shingu,JP,2022-07-23 03:23:33,33.7333,135.9833,82.78,70,57,6.87
18,Qom,IR,2022-07-23 03:23:33,34.6401,50.8764,85.93,26,0,5.57
19,Busselton,AU,2022-07-23 03:23:34,-33.65,115.3333,59.9,83,100,27.31
20,Pec,XK,2022-07-23 03:23:34,42.6591,20.2883,69.62,48,0,3.94
21,Port Blair,IN,2022-07-23 03:23:34,11.6667,92.75,77.04,94,100,3.44
22,Zacatecoluca,SV,2022-07-23 03:23:35,13.5,-88.8667,76.24,93,100,4.41
23,Nyurba,RU,2022-07-23 03:23:35,63.2842,118.3319,77.02,52,59,4.52
24,Khatanga,RU,2022-07-23 03:23:35,71.9667,102.5,41.34,89,100,12.26
25,Qasigiannguit,GL,2022-07-23 03:23:36,68.8193,-51.1922,50.25,93,100,5.82
26,Souillac,MU,2022-07-23 03:23:36,-20.5167,57.5167,68.38,88,40,14.97
27,Brazzaville,CG,2022-07-23 03:20:24,-4.2658,15.2832,71.91,71,55,3.18
28,Barrow,US,2022-07-23 03:18:57,71.2906,-156.7887,39.22,87,100,13.8
29,Tasiilaq,GL,2022-07-23 03:23:37,65.6145,-37.6368,35.76,80,44,7.45
30,Nantucket,US,2022-07-23 03:23:26,41.2835,-70.0995,78.91,76,100,8.05
31,Kavieng,PG,2022-07-23 03:23:37,-2.5744,150.7967,84.43,70,21,8.95
32,Nikolskoye,RU,2022-07-23 03:20:13,59.7035,30.7861,67.91,78,9,5.61
33,Penon Blanco,MX,2022-07-23 03:23:38,24.7897,-104.0369,72.23,50,10,13.78
34,Faanui,PF,2022-07-23 03:23:38,-16.4833,-151.75,78.64,74,11,11.61
35,Banda Aceh,ID,2022-07-23 03:23:38,5.5577,95.3222,82.49,72,100,2.3
36,Hermanus,ZA,2022-07-23 03:23:39,-34.4187,19.2345,52.81,79,82,10.4
37,Kahului,US,2022-07-23 03:23:39,20.8947,-156.47,86.02,63,40,25.32
38,Chernyshevskiy,RU,2022-07-23 03:23:39,63.0128,112.4714,75.6,45,30,7.63
39,Vinh,VN,2022-07-23 03:21:23,18.6667,105.6667,85.01,73,75,2.42
40,Kailua,US,2022-07-23 03:20:43,21.4022,-157.7394,85.98,70,75,14.97
41,Nouakchott,MR,2022-07-23 03:23:40,18.0858,-15.9785,80.53,86,98,7.11
42,Sabinas Hidalgo,MX,2022-07-23 03:23:40,26.5,-100.1667,85.5,54,0,21.81
43,Yulara,AU,2022-07-23 03:23:41,-25.2406,130.9889,74.01,23,3,7.36
44,Atasu,KZ,2022-07-23 03:23:41,48.6814,71.6433,73.49,32,96,1.32
45,Qaanaaq,GL,2022-07-23 03:23:41,77.484,-69.3632,36.91,98,100,13.24
46,Kemin,KG,2022-07-23 03:23:42,42.7846,75.6892,86.31,22,0,1.39
47,Leninsk-Kuznetskiy,RU,2022-07-23 03:24:03,54.6567,86.1737,62.08,77,84,9.78
48,Troitskoye,RU,2022-07-23 03:24:42,52.9821,84.6757,64.06,84,41,6.35
49,Lebu,CL,2022-07-23 03:24:42,-37.6167,-73.65,53.06,95,100,13.78
50,Kapaa,US,2022-07-23 03:24:09,22.0752,-159.319,84.18,67,75,17.27
51,Vila Velha,BR,2022-07-23 03:24:43,-20.3297,-40.2925,71.55,88,75,2.3
52,Tha Mai,TH,2022-07-23 03:24:43,12.6214,102.0048,88.52,77,93,2.71
53,Adrar,MR,2022-07-23 03:24:44,20.5022,-10.0711,87.89,45,76,5.19
54,Mataura,NZ,2022-07-23 03:20:08,-46.1927,168.8643,45.48,65,4,2.84
55,Puerto Ayora,EC,2022-07-23 03:20:15,-0.7393,-90.3518,69.55,91,13,4.0
56,Awjilah,LY,2022-07-23 03:24:44,29.1081,21.2869,74.91,46,0,12.12
57,Waipawa,NZ,2022-07-23 03:24:45,-41.4122,175.5153,46.17,71,99,6.49
58,Puerto Ayacucho,VE,2022-07-23 03:24:45,5.6639,-67.6236,74.89,92,98,2.35
59,Hambantota,LK,2022-07-23 03:24:45,6.1241,81.1185,84.54,79,20,16.11
60,Maun,BW,2022-07-23 03:24:46,-19.9833,23.4167,57.16,72,0,8.05
61,Namatanai,PG,2022-07-23 03:24:46,-3.6667,152.4333,84.92,65,8,6.85
62,Aiken,US,2022-07-23 03:24:46,33.5835,-81.5998,82.69,93,75,0.0
63,Marawi,PH,2022-07-23 03:24:47,7.9986,124.2928,79.36,75,43,2.06
64,Kaabong,UG,2022-07-23 03:24:47,3.4836,34.1492,62.85,63,99,9.01
65,Barra Do Corda,BR,2022-07-23 03:24:47,-5.5,-45.25,78.55,48,86,2.19
66,Raudeberg,NO,2022-07-23 03:24:48,61.9875,5.1352,52.95,82,79,16.93
67,Sechura,PE,2022-07-23 03:24:48,-5.5569,-80.8222,63.93,81,7,7.34
68,Camacha,PT,2022-07-23 03:20:16,33.0833,-16.3333,67.42,73,75,9.22
69,Timmins,CA,2022-07-23 03:22:05,48.4669,-81.3331,62.42,82,75,4.61
70,Atambua,ID,2022-07-23 03:24:48,-9.1061,124.8925,79.54,46,28,1.99
71,Taoudenni,ML,2022-07-23 03:24:49,22.6783,-3.9836,94.98,18,13,6.42
72,Eureka,US,2022-07-23 03:24:49,40.8021,-124.1637,61.2,82,4,1.01
73,Trofors,NO,2022-07-23 03:24:49,65.5333,13.4063,48.07,87,90,3.09
74,Port Alfred,ZA,2022-07-23 03:20:21,-33.5906,26.891,60.42,76,100,10.4
75,Monopoli,IT,2022-07-23 03:22:24,40.9559,17.2896,78.71,47,0,3.69
76,Ballina,AU,2022-07-23 03:24:50,-28.8667,153.5667,63.01,90,91,19.37
77,Tuktoyaktuk,CA,2022-07-23 03:24:50,69.4541,-133.0374,68.0,60,75,8.05
78,Guerrero Negro,MX,2022-07-23 03:21:31,27.9769,-114.0611,67.69,85,3,18.72
79,Bredasdorp,ZA,2022-07-23 03:24:51,-34.5322,20.0403,53.24,88,98,7.99
80,Andapa,MG,2022-07-23 03:24:51,-14.65,49.65,58.35,93,68,2.04
81,Bolshoye Nagatkino,RU,2022-07-23 03:24:51,54.5196,47.9679,62.94,86,9,4.12
82,Jamestown,US,2022-07-23 03:23:04,42.097,-79.2353,72.72,78,0,5.75
83,Dunda,TZ,2022-07-23 03:24:52,-8.1167,34.25,54.18,85,1,1.32
84,Elk City,US,2022-07-23 03:24:52,35.412,-99.4043,82.38,50,0,5.75
85,Khorixas,NA,2022-07-23 03:21:22,-20.3667,14.9667,62.28,37,1,5.77
86,Thompson,CA,2022-07-23 03:22:40,55.7435,-97.8558,55.56,88,100,4.61
87,Kaitangata,NZ,2022-07-23 03:24:53,-46.2817,169.8464,45.46,73,3,2.84
88,Olafsvik,IS,2022-07-23 03:24:53,64.8945,-23.7142,52.99,80,11,4.85
89,Coahuayana,MX,2022-07-23 03:24:54,18.7333,-103.6833,80.08,87,99,0.63
90,Saskylakh,RU,2022-07-23 03:24:54,71.9167,114.0833,58.73,52,99,6.67
91,Sorland,NO,2022-07-23 03:24:54,67.667,12.6934,49.86,86,100,15.57
92,Aparecida Do Taboado,BR,2022-07-23 03:24:55,-20.0867,-51.0936,69.82,42,8,5.86
93,Tuatapere,NZ,2022-07-23 03:25:55,-46.1333,167.6833,47.44,70,19,2.95
94,East London,ZA,2022-07-23 03:20:23,-33.0153,27.9116,62.89,68,100,10.2
95,Hithadhoo,MV,2022-07-23 03:25:55,-0.6,73.0833,82.27,72,100,5.35
96,Itarema,BR,2022-07-23 03:25:56,-2.9248,-39.9167,78.96,79,21,17.25
97,Nanortalik,GL,2022-07-23 03:20:18,60.1432,-45.2371,45.48,85,46,0.45
98,Charyshskoye,RU,2022-07-23 03:25:56,51.3978,83.5598,62.67,83,93,1.54
99,Avarua,CK,2022-07-23 03:20:20,-21.2078,-159.775,75.25,83,75,11.5
100,Upernavik,GL,2022-07-23 03:25:57,72.7868,-56.1549,42.37,95,100,10.89
101,Bandarbeyla,SO,2022-07-23 03:25:18,9.4942,50.8122,77.38,74,2,26.17
102,Georgetown,MY,2022-07-23 03:24:32,5.4112,100.3354,87.73,81,20,3.44
103,Hualmay,PE,2022-07-23 03:25:57,-11.0964,-77.6139,61.81,83,33,9.66
104,Arraial Do Cabo,BR,2022-07-23 03:25:58,-22.9661,-42.0278,70.57,90,4,19.33
105,Ewa Beach,US,2022-07-23 03:25:58,21.3156,-158.0072,85.95,55,20,18.41
106,Luderitz,NA,2022-07-23 03:25:58,-26.6481,15.1594,57.04,66,31,15.12
107,Cabo San Lucas,MX,2022-07-23 03:23:22,22.8909,-109.9124,88.52,56,64,8.05
108,Gravdal,NO,2022-07-23 03:25:59,68.1214,13.5031,52.09,90,100,14.29
109,Hobart,AU,2022-07-23 03:25:01,-42.8794,147.3294,59.25,64,75,10.36
110,Lorengau,PG,2022-07-23 03:25:59,-2.0226,147.2712,84.52,73,23,11.14
111,Yar-Sale,RU,2022-07-23 03:26:00,66.8333,70.8333,46.29,92,100,12.97
112,Gallup,US,2022-07-23 03:26:00,35.5281,-108.7426,87.64,21,0,11.5
113,Icod De Los Vinos,ES,2022-07-23 03:26:00,28.3724,-16.7119,73.54,68,28,9.62
114,Butaritari,KI,2022-07-23 03:26:00,3.0707,172.7902,82.22,76,74,8.99
115,Nemuro,JP,2022-07-23 03:26:01,43.3236,145.575,58.73,98,100,19.46
116,San Carlos De Bariloche,AR,2022-07-23 03:26:01,-41.1456,-71.3082,39.43,63,100,6.91
117,Coihaique,CL,2022-07-23 03:23:09,-45.5752,-72.0662,17.55,93,0,5.75
118,Clyde River,CA,2022-07-23 03:26:02,70.4692,-68.5914,44.83,87,0,8.05
119,Kodiak,US,2022-07-23 03:26:02,57.79,-152.4072,54.91,71,75,8.05
120,Hovd,MN,2022-07-23 03:20:16,48.0056,91.6419,70.86,33,67,9.42
121,Lodja,CD,2022-07-23 03:26:03,-3.4833,23.4333,69.12,93,73,2.28
122,Yellowknife,CA,2022-07-23 03:26:03,62.456,-114.3525,66.72,52,20,8.05
123,Port Elizabeth,ZA,2022-07-23 03:26:03,-33.918,25.5701,58.32,83,0,10.0
124,Isangel,VU,2022-07-23 03:26:04,-19.55,169.2667,78.91,78,100,4.61
125,Tucano,BR,2022-07-23 03:26:04,-10.9631,-38.7867,63.43,94,96,2.98
126,Harper,LR,2022-07-23 03:26:04,4.375,-7.7169,74.12,73,98,7.16
127,Castro,BR,2022-07-23 03:26:05,-24.7911,-50.0119,56.97,68,46,2.28
128,Naze,JP,2022-07-23 03:26:05,28.3667,129.4833,86.92,63,97,2.95
129,Maldonado,UY,2022-07-23 03:26:05,-34.6667,-54.9167,52.99,97,9,5.73
130,Bahia Blanca,AR,2022-07-23 03:26:06,-38.7196,-62.2724,46.31,67,85,6.76
131,Sandakan,MY,2022-07-23 03:26:06,5.8402,118.1179,87.48,66,20,4.61
132,Rognan,NO,2022-07-23 03:22:14,67.0953,15.3878,50.88,47,100,4.38
133,Mabaruma,GY,2022-07-23 03:26:07,8.2,-59.7833,73.98,92,28,2.37
134,Sao Jose Da Coroa Grande,BR,2022-07-23 03:26:07,-8.8978,-35.1478,74.25,84,99,8.48
135,Dingle,PH,2022-07-23 03:26:07,10.9995,122.6711,86.68,71,92,4.41
136,Sao Gabriel Da Cachoeira,BR,2022-07-23 03:26:08,-0.1303,-67.0892,72.01,99,100,2.3
137,Narok,KE,2022-07-23 03:27:08,-1.0783,35.8601,48.85,97,51,5.12
138,Imbituba,BR,2022-07-23 03:27:08,-28.24,-48.6703,69.85,82,92,2.82
139,San Policarpo,PH,2022-07-23 03:27:09,12.1791,125.5072,85.35,70,87,4.16
140,Erzin,TR,2022-07-23 03:27:09,36.9559,36.2,73.4,63,0,2.3
141,Saint George,US,2022-07-23 03:27:10,37.1041,-113.5841,102.79,16,0,9.22
142,Bucerias,MX,2022-07-23 03:27:10,20.75,-105.3333,82.98,78,100,6.91
143,Saint-Philippe,RE,2022-07-23 03:27:10,-21.3585,55.7679,65.79,84,42,14.52
144,Aklavik,CA,2022-07-23 03:27:11,68.2191,-135.0107,57.9,81,100,11.92
145,Mar Del Plata,AR,2022-07-23 03:27:11,-38.0023,-57.5575,49.08,87,86,15.99
146,Neyshabur,IR,2022-07-23 03:27:11,36.2133,58.7958,84.27,19,0,0.83
147,Atuona,PF,2022-07-23 03:20:15,-9.8,-139.0333,77.43,79,14,16.24
148,Barao De Melgaco,BR,2022-07-23 03:27:12,-16.1944,-55.9675,72.41,42,5,2.35
149,Carnarvon,AU,2022-07-23 03:20:11,-24.8667,113.6333,67.66,52,77,9.19
150,Chokurdakh,RU,2022-07-23 03:27:12,70.6333,147.9167,62.85,39,50,11.1
151,Cape Town,ZA,2022-07-23 03:23:04,-33.9258,18.4232,55.11,91,75,4.61
152,Lompoc,US,2022-07-23 03:20:12,34.6391,-120.4579,62.74,84,100,12.66
153,Van,TR,2022-07-23 03:27:13,38.4924,43.3831,60.15,63,0,3.44
154,Guna,IN,2022-07-23 03:27:13,24.65,77.3167,77.86,86,100,7.54
155,Dakar,SN,2022-07-23 03:27:14,14.6937,-17.4441,78.93,94,40,11.5
156,Nouadhibou,MR,2022-07-23 03:27:14,20.931,-17.0347,73.38,94,40,9.22
157,Ahipara,NZ,2022-07-23 03:27:14,-35.1667,173.1667,57.83,66,100,13.22
158,Saint Paul,US,2022-07-23 03:27:15,44.9444,-93.0933,83.98,63,0,3.44
159,Shaowu,CN,2022-07-23 03:27:15,27.3409,117.4831,98.37,40,3,4.74
160,Norman Wells,CA,2022-07-23 03:20:10,65.282,-126.8329,80.64,29,75,2.3
161,Victoria,HK,2022-07-23 03:24:02,22.2855,114.1577,93.96,72,0,5.99
162,Fortuna,US,2022-07-23 03:26:47,40.5982,-124.1573,60.93,80,2,3.0
163,Muros,ES,2022-07-23 03:27:16,42.7762,-9.0603,63.09,79,0,9.82
164,Peno,RU,2022-07-23 03:27:16,56.9262,32.7426,59.11,80,25,4.0
165,Provideniya,RU,2022-07-23 03:27:16,64.3833,-173.3,50.52,65,97,5.06
166,Serebryansk,KZ,2022-07-23 03:27:17,49.6925,83.2892,70.95,50,6,4.52
167,Riyadh,SA,2022-07-23 03:25:09,24.6877,46.7219,87.94,18,85,4.45
168,Sept-Iles,CA,2022-07-23 03:24:48,50.2001,-66.3821,59.05,96,100,3.44
169,Bira,RU,2022-07-23 03:27:17,49.0,132.4667,74.98,57,100,6.2
170,Pisco,PE,2022-07-23 03:24:58,-13.7,-76.2167,57.25,82,21,2.3
171,Bluff,NZ,2022-07-23 03:27:18,-46.6,168.3333,45.81,69,2,3.2
172,Rio Grande,BR,2022-07-23 03:27:18,-32.035,-52.0986,59.95,98,100,3.6
173,Reo,BF,2022-07-23 03:27:19,12.3167,-2.4667,73.92,83,100,1.05
174,Hilo,US,2022-07-23 03:20:14,19.7297,-155.09,81.28,81,75,8.05
175,Lamar,US,2022-07-23 03:23:43,33.6668,-95.5836,78.78,65,0,5.75
176,Vanimo,PG,2022-07-23 03:27:19,-2.6741,141.3028,85.91,66,16,7.23
177,Marquette,US,2022-07-23 03:27:19,46.5333,-87.6335,71.04,80,64,5.3
178,Alice Springs,AU,2022-07-23 03:26:40,-23.7,133.8833,78.35,13,0,8.05
179,Cidreira,BR,2022-07-23 03:27:20,-30.1811,-50.2056,63.81,94,99,3.94
180,Tucuma,BR,2022-07-23 03:27:20,-0.1833,-50.05,76.1,88,100,5.12
181,Luanda,AO,2022-07-23 03:23:16,-8.8368,13.2343,67.28,85,100,4.72
182,Esperance,AU,2022-07-23 03:28:21,-33.8667,121.9,64.24,57,4,21.39
183,Acurenam,GQ,2022-07-23 03:28:21,1.0322,10.6488,66.36,92,100,3.4
184,Bonfim,BR,2022-07-23 03:28:21,3.0833,-59.95,75.87,86,99,4.09
185,Yeppoon,AU,2022-07-23 03:28:22,-23.1333,150.7333,74.98,62,0,6.17
186,Broome,US,2022-07-23 03:28:22,42.2506,-75.833,71.46,84,0,5.75
187,Mount Gambier,AU,2022-07-23 03:27:59,-37.8333,140.7667,53.74,95,99,8.66
188,Makat,KZ,2022-07-23 03:28:22,47.6469,53.3463,78.15,52,39,7.87
189,Asau,RO,2022-07-23 03:28:23,46.4333,26.4,58.28,62,35,3.94
190,Nesterov,RU,2022-07-23 03:28:23,54.6306,22.5714,60.87,97,10,5.93
191,Santa Cruz Cabralia,BR,2022-07-23 03:28:23,-16.2781,-39.0247,66.43,94,20,3.44
192,Hasaki,JP,2022-07-23 03:28:24,35.7333,140.8333,90.0,73,0,18.05
193,Brasileia,BR,2022-07-23 03:28:24,-11.0161,-68.7481,74.73,60,0,2.06
194,Basco,PH,2022-07-23 03:28:24,20.4487,121.9702,85.44,73,51,6.02
195,Buraydah,SA,2022-07-23 03:28:25,26.326,43.975,82.85,15,79,1.86
196,Poum,NC,2022-07-23 03:28:25,-20.2333,164.0167,75.74,87,66,14.41
197,Jalu,LY,2022-07-23 03:28:25,29.0331,21.5482,74.62,45,0,9.28
198,Sao Joaquim,BR,2022-07-23 03:28:26,-28.2939,-49.9317,54.68,78,100,2.77
199,Husavik,IS,2022-07-23 03:28:26,66.0449,-17.3389,46.85,93,25,2.66
200,Vao,NC,2022-07-23 03:28:26,-22.6667,167.4833,73.72,90,100,27.25
201,Oxford,GB,2022-07-23 03:24:26,51.7522,-1.256,61.75,87,20,5.75
202,Paamiut,GL,2022-07-23 03:28:27,61.994,-49.6678,44.91,85,0,12.08
203,Adre,TD,2022-07-23 03:28:27,13.4667,22.2,73.78,80,25,3.29
204,Mwense,ZM,2022-07-23 03:28:28,-10.3845,28.698,60.57,65,55,5.21
205,Haines Junction,CA,2022-07-23 03:28:28,60.7522,-137.5108,55.35,54,99,11.5
206,Sinnamary,GF,2022-07-23 03:28:28,5.3833,-52.95,77.59,86,20,6.35
207,Rawson,AR,2022-07-23 03:28:29,-43.3002,-65.1023,38.16,74,100,14.36
208,Abbeville,FR,2022-07-23 03:28:29,50.1,1.8333,60.76,93,33,4.36
209,Vestmannaeyjar,IS,2022-07-23 03:28:29,63.4427,-20.2734,51.33,92,100,0.65
210,Diamantina,BR,2022-07-23 03:28:30,-18.2494,-43.6003,53.08,76,0,3.65
211,Tobetsu,JP,2022-07-23 03:28:30,43.2169,141.5169,73.31,83,75,5.75
212,Jumla,NP,2022-07-23 03:28:30,29.2747,82.1838,67.26,84,94,1.9
213,Severo-Kurilsk,RU,2022-07-23 03:28:31,50.6789,156.125,56.23,87,84,6.82
214,Naryan-Mar,RU,2022-07-23 03:28:31,67.6713,53.087,49.77,93,100,12.64
215,Banikoara,BJ,2022-07-23 03:28:31,11.2985,2.4386,74.23,89,100,5.28
216,Nohar,IN,2022-07-23 03:28:32,29.1833,74.7667,86.9,66,100,15.93
217,Salinopolis,BR,2022-07-23 03:28:32,-0.6136,-47.3561,78.4,85,63,9.24
218,Pangai,TO,2022-07-23 03:28:32,-19.8,-174.35,77.11,78,40,13.8
219,Krasnorechenskiy,RU,2022-07-23 03:28:33,44.6265,135.3532,66.88,73,100,1.88
220,Gambela,ET,2022-07-23 03:28:33,8.25,34.5833,69.06,95,94,1.81
221,Sabancuy,MX,2022-07-23 03:28:33,18.9667,-91.1833,82.47,79,87,6.96
222,Ilulissat,GL,2022-07-23 03:28:34,69.2167,-51.1,50.02,93,75,6.91
223,Ranfurly,NZ,2022-07-23 03:28:34,-45.1333,170.1,44.11,76,6,2.48
224,Saint Anthony,US,2022-07-23 03:28:34,45.0205,-93.218,83.35,62,0,3.44
225,Cherskiy,RU,2022-07-23 03:20:14,68.75,161.3,54.88,45,23,1.48
226,Mul,IN,2022-07-23 03:28:35,20.0667,79.6667,75.15,96,100,9.66
227,Ponta Delgada,PT,2022-07-23 03:23:42,37.7333,-25.6667,69.49,88,20,3.44
228,Sola,VU,2022-07-23 03:28:35,-13.8833,167.55,84.87,79,100,0.0
229,Ayagoz,KZ,2022-07-23 03:28:36,47.9714,80.4392,76.87,25,24,12.75
230,Valparaiso,CL,2022-07-23 03:28:36,-33.0393,-71.6273,53.47,93,100,3.44
231,New Norfolk,AU,2022-07-23 03:20:22,-42.7826,147.0587,58.91,71,100,1.99
232,Ribeira Grande,PT,2022-07-23 03:29:36,38.5167,-28.7,72.95,90,51,7.52
233,Bijar,IR,2022-07-23 03:29:37,35.8668,47.6051,65.07,23,0,3.31
234,Necochea,AR,2022-07-23 03:20:18,-38.5473,-58.7368,42.17,92,20,9.4
235,Yerbogachen,RU,2022-07-23 03:29:37,61.2767,108.0108,75.25,45,100,9.75
236,Boffa,GN,2022-07-23 03:29:38,10.1667,-14.0333,74.5,93,98,4.25
237,Alekseyevsk,RU,2022-07-23 03:29:38,57.8406,108.3492,81.52,54,20,1.61
238,Bathsheba,BB,2022-07-23 03:29:38,13.2167,-59.5167,81.21,93,40,10.36
239,Rocha,UY,2022-07-23 03:26:26,-34.4833,-54.3333,50.83,98,30,4.76
240,Cacoal,BR,2022-07-23 03:29:39,-11.4386,-61.4472,80.92,45,99,3.36
241,Mokhsogollokh,RU,2022-07-23 03:29:39,61.4681,128.9203,70.97,77,99,4.21
242,Mount Isa,AU,2022-07-23 03:29:39,-20.7333,139.5,73.17,23,0,8.05
243,Itaporanga,BR,2022-07-23 03:29:40,-7.3044,-38.1503,71.46,77,100,9.24
244,Dawson Creek,CA,2022-07-23 03:26:40,55.7666,-120.2362,71.24,43,40,4.61
245,Airai,TL,2022-07-23 03:29:40,-8.9266,125.4092,69.57,41,18,3.83
246,May Pen,JM,2022-07-23 03:29:40,17.9645,-77.2451,83.41,85,99,4.25
247,Te Anau,NZ,2022-07-23 03:29:41,-45.4167,167.7167,43.52,84,63,1.81
248,Sayansk,RU,2022-07-23 03:29:41,54.1088,102.1648,56.41,98,100,4.47
249,Aracati,BR,2022-07-23 03:27:24,-4.5617,-37.7697,74.12,85,98,9.37
250,Sao Joao Da Barra,BR,2022-07-23 03:29:42,-21.6403,-41.0511,71.11,88,0,12.59
251,Bambous Virieux,MU,2022-07-23 03:29:42,-20.3428,57.7575,70.21,88,40,14.97
252,Lasa,IT,2022-07-23 03:29:42,46.6166,10.7002,68.36,83,100,2.68
253,Stabat,ID,2022-07-23 03:29:43,3.761,98.4513,82.6,65,75,0.34
254,Yarkovo,RU,2022-07-23 03:29:43,57.4028,67.0786,60.46,81,75,4.38
255,Palmer,US,2022-07-23 03:29:43,42.1584,-72.3287,77.43,74,20,5.75
256,Beringovskiy,RU,2022-07-23 03:29:44,63.05,179.3167,45.36,87,100,5.7
257,Constitucion,CL,2022-07-23 03:29:44,-35.3333,-72.4167,52.16,94,100,6.49
258,Ixtapa,MX,2022-07-23 03:29:44,20.7,-105.2,82.22,78,100,6.91
259,Turukhansk,RU,2022-07-23 03:20:22,65.8167,87.9833,73.33,52,29,19.26
260,Lalpur,IN,2022-07-23 03:29:45,22.2,69.9667,81.68,79,98,15.95
261,Waingapu,ID,2022-07-23 03:29:45,-9.6567,120.2641,82.81,50,15,14.67
262,Boras,SE,2022-07-23 03:29:45,57.721,12.9401,61.83,95,78,2.71
263,Campos Altos,BR,2022-07-23 03:29:46,-19.6961,-46.1714,57.81,56,3,1.63
264,Vardo,NO,2022-07-23 03:29:46,70.3705,31.1107,53.58,76,75,3.44
265,Moose Factory,CA,2022-07-23 03:29:47,51.2585,-80.6094,64.4,88,100,12.66
266,Bontang,ID,2022-07-23 03:29:47,0.1333,117.5,82.02,74,99,9.17
267,Berdigestyakh,RU,2022-07-23 03:29:47,62.0989,126.6992,76.14,58,73,1.83
268,Andover,GB,2022-07-23 03:29:29,51.2083,-1.4825,60.85,93,50,5.75
269,Pipili,IN,2022-07-23 03:29:48,20.1167,85.8333,77.34,100,100,4.61
270,Flin Flon,CA,2022-07-23 03:29:48,54.7682,-101.865,52.84,79,100,6.33
271,Iquique,CL,2022-07-23 03:29:48,-20.2208,-70.1431,59.04,79,69,2.59
272,Banjar,ID,2022-07-23 03:29:49,-8.19,114.9675,83.16,68,33,3.04
273,Groningen,NL,2022-07-23 03:24:59,53.25,6.75,58.03,90,19,3.44
274,Seymchan,RU,2022-07-23 03:29:49,62.8833,152.4333,70.7,38,27,1.77
275,Qianan,CN,2022-07-23 03:29:50,44.9932,124.0581,81.95,59,99,7.96
276,Dudinka,RU,2022-07-23 03:29:50,69.4058,86.1778,76.62,40,46,11.01
277,Samoylovka,RU,2022-07-23 03:30:50,51.184,43.7081,64.71,74,82,7.23
278,Nosy Varika,MG,2022-07-23 03:30:51,-20.5833,48.5333,63.54,90,74,5.06
279,Toamasina,MG,2022-07-23 03:30:51,-18.1667,49.3833,66.2,94,75,6.91
280,Tura,IN,2022-07-23 03:30:51,25.5198,90.2201,82.69,77,100,2.15
281,Yumen,CN,2022-07-23 03:30:52,40.2833,97.2,88.5,12,0,14.92
282,Torbay,CA,2022-07-23 03:30:52,47.6666,-52.7314,68.77,92,100,9.22
283,Leshan,CN,2022-07-23 03:30:52,29.5623,103.7639,82.81,65,48,3.42
284,Dalhousie,IN,2022-07-23 03:30:43,32.5333,75.9833,61.93,94,100,2.59
285,Pierre,US,2022-07-23 03:30:53,44.3683,-100.351,83.05,54,0,11.5
286,Willowmore,ZA,2022-07-23 03:30:53,-33.2926,23.4895,47.52,63,100,4.97
287,Srednekolymsk,RU,2022-07-23 03:30:53,67.45,153.6833,62.6,38,2,13.11
288,Gornopravdinsk,RU,2022-07-23 03:30:54,60.05,69.9,61.74,52,36,7.25
289,Noumea,NC,2022-07-23 03:30:54,-22.2763,166.4572,75.99,99,100,2.44
290,Arlit,NE,2022-07-23 03:30:54,18.7369,7.3853,88.12,42,72,7.7
291,Pangnirtung,CA,2022-07-23 03:30:55,66.1451,-65.7125,49.77,69,69,1.3
292,Bambanglipuro,ID,2022-07-23 03:30:55,-7.95,110.2833,79.16,78,99,12.35
293,Narsaq,GL,2022-07-23 03:30:56,60.9167,-46.05,46.67,77,52,0.85
294,Iqaluit,CA,2022-07-23 03:30:56,63.7506,-68.5145,44.33,87,75,5.75
295,Aleksandrovskiy Zavod,RU,2022-07-23 03:30:56,50.9237,117.9374,75.36,66,64,14.88
296,Pevek,RU,2022-07-23 03:30:57,69.7008,170.3133,34.03,92,75,5.75
297,Lubango,AO,2022-07-23 03:30:57,-14.9172,13.4925,53.8,36,0,4.7
298,Verkhnyaya Inta,RU,2022-07-23 03:30:57,65.9811,60.3094,50.11,68,100,8.41
299,Longyearbyen,SJ,2022-07-23 03:29:01,78.2186,15.6401,49.84,76,75,4.61
300,Novo Aripuana,BR,2022-07-23 03:30:58,-5.1206,-60.3797,74.7,80,30,0.54
301,Plouzane,FR,2022-07-23 03:30:58,48.3833,-4.6167,57.25,100,100,5.75
302,Haicheng,CN,2022-07-23 03:30:58,40.8516,122.7475,75.29,85,100,6.46
303,Kloulklubed,PW,2022-07-23 03:30:59,7.0419,134.2556,81.1,76,100,10.13
304,Orvieto,IT,2022-07-23 03:30:59,42.7195,12.1116,75.13,83,0,1.28
305,Dunedin,NZ,2022-07-23 03:31:00,-45.8742,170.5036,48.79,71,14,7.0
306,Jinxiang,CN,2022-07-23 03:31:00,27.4327,120.6062,91.85,65,13,7.49
307,Sur,OM,2022-07-23 03:31:00,22.5667,59.5289,88.16,64,73,7.63
308,Los Llanos De Aridane,ES,2022-07-23 03:31:01,28.6585,-17.9182,69.55,92,100,11.5
309,Nuuk,GL,2022-07-23 03:31:01,64.1835,-51.7216,41.61,100,33,3.44
310,Shimoda,JP,2022-07-23 03:31:01,34.6667,138.95,89.1,64,0,16.35
311,Shubarkuduk,KZ,2022-07-23 03:31:02,49.1447,56.4872,78.67,42,32,5.17
312,San Cristobal,VE,2022-07-23 03:31:02,7.7669,-72.225,71.78,98,76,2.51
313,Mogadishu,SO,2022-07-23 03:31:02,2.0371,45.3438,75.61,81,87,15.08
314,Mattawa,US,2022-07-23 03:31:03,46.7379,-119.9028,83.88,29,0,13.87
315,Yaransk,RU,2022-07-23 03:31:03,57.3033,47.8861,67.5,72,68,4.0
316,Erenhot,CN,2022-07-23 03:31:03,43.6475,111.9767,82.24,20,15,6.69
317,Presidencia Roque Saenz Pena,AR,2022-07-23 03:31:04,-26.7852,-60.4388,74.35,47,82,4.88
318,Ribeira Brava,PT,2022-07-23 03:31:04,32.65,-17.0667,71.71,61,22,5.44
319,Misterbianco,IT,2022-07-23 03:31:05,37.5341,14.9538,78.39,60,0,5.75
320,Ciudad Bolivar,VE,2022-07-23 03:31:05,8.1222,-63.5497,78.08,77,56,9.31
321,Prata,BR,2022-07-23 03:31:05,-19.3072,-48.9242,65.34,50,0,5.93
322,Mtwara,TZ,2022-07-23 03:31:06,-10.2667,40.1833,66.51,92,2,8.05
323,Valleyview,CA,2022-07-23 03:32:06,55.0667,-117.2859,66.24,48,20,5.75
324,Maraba,BR,2022-07-23 03:32:06,-5.3686,-49.1178,71.78,94,0,0.0
325,Ucluelet,CA,2022-07-23 03:32:07,48.9329,-125.5528,59.09,86,97,1.01
326,Dikson,RU,2022-07-23 03:32:07,73.5069,80.5464,52.54,75,96,12.08
327,Khuzhir,RU,2022-07-23 03:32:08,53.1939,107.3397,54.1,99,100,3.11
328,Bairiki,KI,2022-07-23 03:32:08,1.3292,172.9752,82.4,83,40,8.05
329,Salisbury,GB,2022-07-23 03:32:05,51.0693,-1.7957,56.64,94,63,5.75
330,Ajdabiya,LY,2022-07-23 03:32:09,30.7554,20.2263,73.38,78,0,8.72
331,Miranda De Ebro,ES,2022-07-23 03:32:09,42.6865,-2.947,59.58,96,51,3.31
332,Kavaratti,IN,2022-07-23 03:32:09,10.5669,72.642,81.19,78,100,19.1
333,Lixourion,GR,2022-07-23 03:32:10,38.2019,20.4314,76.82,73,0,5.28
334,Yarmouth,US,2022-07-23 03:32:10,41.7057,-70.2286,78.91,82,0,9.22
335,Pangkalanbuun,ID,2022-07-23 03:32:10,-2.6833,111.6167,88.83,59,59,3.85
336,Kurumkan,RU,2022-07-23 03:32:11,54.3,110.3,81.46,50,45,11.65
337,Conde,BR,2022-07-23 03:32:11,-7.2597,-34.9075,71.06,94,40,5.75
338,Zalesovo,RU,2022-07-23 03:32:11,53.9939,84.7431,61.14,79,94,4.68
339,Maragogi,BR,2022-07-23 03:31:51,-9.0122,-35.2225,73.69,86,99,8.03
340,Bang Khla,TH,2022-07-23 03:32:12,13.7214,101.2081,91.6,100,100,5.23
341,Bokoro,TD,2022-07-23 03:32:12,12.3807,17.0568,78.37,76,100,12.97
342,Itaueira,BR,2022-07-23 03:32:12,-7.6033,-43.0256,74.82,55,65,7.09
343,Pangody,RU,2022-07-23 03:32:13,65.85,74.4859,54.93,57,94,7.02
344,Walvis Bay,NA,2022-07-23 03:32:13,-22.9575,14.5053,54.55,87,3,2.3
345,Svetlyy,RU,2022-07-23 03:32:13,54.675,20.1347,61.97,85,68,5.79
346,Sai Buri,TH,2022-07-23 03:32:14,6.7013,101.6168,87.51,65,72,1.23
347,Jasper,US,2022-07-23 03:32:14,37.2001,-94.3502,87.71,52,25,9.6
348,Goderich,CA,2022-07-23 03:30:00,43.7501,-81.7165,77.32,61,23,11.5
349,North Myrtle Beach,US,2022-07-23 03:31:00,33.816,-78.68,81.05,96,20,4.61
350,Mareeba,AU,2022-07-23 03:32:15,-17.0,145.4333,79.45,50,6,3.11
351,Cockburn Town,TC,2022-07-23 03:32:15,21.4612,-71.1419,81.86,78,97,19.89
352,Chardara,KZ,2022-07-23 03:32:15,41.2547,67.9692,95.7,20,0,12.75
353,Kang,BW,2022-07-23 03:32:16,-23.6752,22.7876,55.22,65,19,7.47
354,Simao,CN,2022-07-23 03:32:16,22.7886,100.9748,72.41,89,83,3.11
355,Opuwo,NA,2022-07-23 03:32:16,-18.0607,13.84,57.65,44,0,4.97
356,Digha,IN,2022-07-23 03:32:17,21.6833,87.55,86.23,71,100,12.12
357,Hammerfest,NO,2022-07-23 03:32:17,70.6634,23.6821,52.25,93,75,9.22
358,Weinan,CN,2022-07-23 03:32:18,34.5036,109.5089,82.11,57,0,4.88
359,Sioux Lookout,CA,2022-07-23 03:29:39,50.1001,-91.917,62.67,77,20,4.61
360,Savannah Bight,HN,2022-07-23 03:32:18,16.45,-85.85,82.08,79,100,19.42
361,Coquimbo,CL,2022-07-23 03:32:18,-29.9533,-71.3436,53.33,87,100,3.44
362,Qui Nhon,VN,2022-07-23 03:32:19,13.7667,109.2333,84.58,72,77,7.18
363,Saluzzo,IT,2022-07-23 03:32:19,44.6464,7.4862,77.2,88,81,3.44
364,Port Hardy,CA,2022-07-23 03:30:43,50.6996,-127.4199,60.98,72,75,12.66
365,Nanning,CN,2022-07-23 03:28:03,22.8167,108.3167,90.05,60,0,4.9
366,Darnah,LY,2022-07-23 03:32:20,32.767,22.6367,75.9,73,0,11.54
367,Tezu,IN,2022-07-23 03:32:20,27.9167,96.1667,76.82,89,100,2.93
368,Lata,PT,2022-07-23 03:32:21,40.1629,-8.3327,62.08,88,0,2.01
369,Kungurtug,RU,2022-07-23 03:33:21,50.5994,97.5228,63.1,70,66,9.75
370,Yershov,RU,2022-07-23 03:33:21,51.3513,48.2766,65.17,79,100,5.28
371,Areosa,PT,2022-07-23 03:33:22,41.7178,-8.8571,62.51,72,0,9.75
372,Mamallapuram,IN,2022-07-23 03:33:22,12.6264,80.1722,84.25,64,100,7.38
373,Lethem,GY,2022-07-23 03:33:22,3.3803,-59.7968,75.0,90,96,7.14
374,Labuhan,ID,2022-07-23 03:31:52,-6.8844,112.2051,85.33,61,12,3.83
375,Oksfjord,NO,2022-07-23 03:33:23,70.2396,22.3479,51.98,90,100,8.16
376,Polunochnoye,RU,2022-07-23 03:33:23,60.8697,60.4153,57.78,53,99,3.27
377,Salalah,OM,2022-07-23 03:33:24,17.0151,54.0924,77.09,94,100,6.91
378,Sinop,TR,2022-07-23 03:33:24,41.7711,34.8709,62.87,62,0,5.41
379,Havre-Saint-Pierre,CA,2022-07-23 03:33:25,50.2334,-63.5986,55.76,100,100,6.91
380,Mahebourg,MU,2022-07-23 03:33:25,-20.4081,57.7,70.25,88,40,14.97
381,Kasongo-Lunda,CD,2022-07-23 03:33:25,-6.4667,16.8167,70.39,79,94,2.75
382,Zhigansk,RU,2022-07-23 03:33:26,66.7697,123.3711,65.88,56,42,10.4
383,Hvide Sande,DK,2022-07-23 03:33:26,56.0045,8.1294,56.08,90,100,19.1
384,Radcliff,US,2022-07-23 03:33:26,37.8404,-85.9491,82.22,86,0,0.0
385,Orlik,RU,2022-07-23 03:33:27,52.5178,99.825,52.56,90,100,3.42
386,Pitea,SE,2022-07-23 03:33:27,65.3172,21.4794,53.69,60,100,8.97
387,Hirtshals,DK,2022-07-23 03:33:27,57.5881,9.9592,59.97,88,100,7.11
388,Lavrentiya,RU,2022-07-23 03:33:28,65.5833,-171.0,46.98,73,92,15.77
389,Bull Savanna,JM,2022-07-23 03:33:28,17.8868,-77.5902,76.84,84,89,5.93
390,Kiunga,PG,2022-07-23 03:33:29,-6.1219,141.2906,85.03,71,78,1.9
391,Antofagasta,CL,2022-07-23 03:33:29,-23.65,-70.4,56.48,85,100,2.44
392,Severobaykalsk,RU,2022-07-23 03:33:29,55.65,109.3167,70.34,63,34,5.59
393,Mayo,US,2022-07-23 03:30:36,38.8876,-76.5119,85.17,79,0,1.99
394,Darfield,GB,2022-07-23 03:33:30,53.5339,-1.376,58.87,92,60,1.88
395,Flinders,AU,2022-07-23 03:33:30,-34.5833,150.8552,66.38,71,74,5.01
396,Vilyuysk,RU,2022-07-23 03:33:30,63.7553,121.6247,78.87,50,77,1.86
397,Port Augusta,AU,2022-07-23 03:31:28,-32.5,137.7667,68.59,37,0,11.79
398,Belmonte,BR,2022-07-23 03:33:31,-15.8631,-38.8828,70.84,86,31,6.69
399,Gallipoli,TR,2022-07-23 03:33:31,40.4103,26.6708,62.46,52,0,5.48
400,Krasnoarmeyskiy,RU,2022-07-23 03:33:32,47.0114,42.2072,65.1,73,80,6.64
401,Novosergiyevka,RU,2022-07-23 03:33:32,52.0934,53.6528,70.03,58,88,9.33
402,Lipin Bor,RU,2022-07-23 03:33:32,60.2622,37.9763,65.25,70,40,5.82
403,Binga,ZW,2022-07-23 03:33:33,-17.6203,27.3414,63.09,64,93,1.25
404,Sao Felix Do Xingu,BR,2022-07-23 03:33:33,-6.6447,-51.995,70.45,53,87,1.28
405,Lannion,FR,2022-07-23 03:30:02,48.75,-3.4167,55.67,93,27,6.46
406,Marfino,RU,2022-07-23 03:33:33,55.7028,37.3822,64.31,72,0,4.47
407,Shakhtinsk,KZ,2022-07-23 03:33:34,49.71,72.5872,74.34,37,51,7.74
408,Katiola,CI,2022-07-23 03:33:34,8.1333,-5.1,70.43,95,94,3.87
409,Hazorasp,UZ,2022-07-23 03:33:34,41.3194,61.0742,85.84,14,0,14.45
410,Kaspiyskiy,RU,2022-07-23 03:33:35,45.3929,47.3707,75.43,52,89,11.83
411,Tha Chang,TH,2022-07-23 03:33:35,9.2642,99.1922,85.21,84,20,8.05
412,Kargat,RU,2022-07-23 03:33:36,55.1956,80.2811,63.19,66,100,6.46
413,Usinsk,RU,2022-07-23 03:33:36,65.9939,57.5281,46.22,92,100,12.88
414,Southbridge,US,2022-07-23 03:33:36,42.0751,-72.0334,78.22,81,17,3.15
415,Namibe,AO,2022-07-23 03:34:37,-15.1961,12.1522,60.85,89,0,3.74
416,Zyryanka,RU,2022-07-23 03:34:37,65.75,150.85,71.15,28,100,2.77
417,Mnogovershinnyy,RU,2022-07-23 03:34:37,53.9353,139.9242,72.99,30,48,6.35
418,Kannur,IN,2022-07-23 03:34:38,11.8675,75.3576,80.06,79,100,5.1
419,Tulun,RU,2022-07-23 03:34:38,54.5611,100.5792,63.25,87,100,9.17
420,Murray Bridge,AU,2022-07-23 03:30:43,-35.1167,139.2667,67.12,47,7,10.98
421,Gossaigaon,IN,2022-07-23 03:34:38,26.4481,89.989,88.36,71,100,5.41
422,Tiksi,RU,2022-07-23 03:31:12,71.6872,128.8694,47.32,79,96,7.29
423,Lakselv,NO,2022-07-23 03:34:39,70.0513,24.9718,51.62,93,100,9.22
424,Saint-Gabriel,CA,2022-07-23 03:34:39,46.3001,-73.3824,74.88,80,45,3.98
425,Danielskuil,ZA,2022-07-23 03:34:40,-28.1887,23.5395,52.45,65,72,9.8
426,Saint-Joseph,RE,2022-07-23 03:34:40,-21.3667,55.6167,64.78,80,21,14.32
427,Swift Current,CA,2022-07-23 03:34:40,50.2834,-107.8014,63.41,63,0,16.11
428,Micheweni,TZ,2022-07-23 03:34:41,-4.9667,39.8333,73.99,78,100,12.01
429,Sibolga,ID,2022-07-23 03:33:21,1.7427,98.7792,88.41,57,63,3.53
430,Fare,PF,2022-07-23 03:34:41,-16.7,-151.0167,78.26,75,6,11.74
431,Along,IN,2022-07-23 03:34:41,28.1667,94.7667,76.78,92,100,0.83
432,Wonthaggi,AU,2022-07-23 03:34:42,-38.6044,145.5913,56.82,87,100,6.69
433,Greece,US,2022-07-23 03:34:42,43.2098,-77.6931,77.9,70,20,8.05
434,Saldanha,ZA,2022-07-23 03:34:42,-33.0117,17.9442,53.65,83,75,10.98
435,Beyneu,KZ,2022-07-23 03:34:43,45.3167,55.2,83.07,41,46,12.93
436,Dutse,NG,2022-07-23 03:34:43,11.7594,9.3392,74.37,83,73,5.59
437,San Pedro,PH,2022-07-23 03:34:43,14.35,121.0167,90.36,71,40,4.61
438,Newton,US,2022-07-23 03:34:17,42.337,-71.2092,79.25,73,0,4.61
439,Tutoia,BR,2022-07-23 03:34:44,-2.7619,-42.2744,77.41,88,38,9.04
440,San Luis,AR,2022-07-23 03:31:24,-33.295,-66.3356,56.5,64,25,9.04
441,Kendal,GB,2022-07-23 03:34:44,54.3268,-2.7476,56.84,99,99,4.79
442,Houma,US,2022-07-23 03:29:51,29.5958,-90.7195,79.02,86,40,0.0
443,Auki,SB,2022-07-23 03:34:45,-8.7676,160.7034,83.79,68,16,2.75
444,Jieshi,CN,2022-07-23 03:34:45,22.8134,115.8257,88.3,66,1,10.09
445,Genhe,CN,2022-07-23 03:34:46,50.7833,121.5167,75.6,51,90,6.58
446,Kamphaeng Phet,TH,2022-07-23 03:34:46,16.25,99.5,82.71,76,99,4.27
447,Homer,US,2022-07-23 03:31:34,59.6425,-151.5483,58.87,69,0,11.99
448,Alofi,NU,2022-07-23 03:34:46,-19.0595,-169.9187,78.69,73,16,8.05
449,Phan Thiet,VN,2022-07-23 03:34:47,10.9333,108.1,87.33,63,49,9.35
450,Foindu,SL,2022-07-23 03:34:47,7.4108,-11.5422,71.55,96,94,2.44
451,Nabire,ID,2022-07-23 03:34:47,-3.3667,135.4833,83.12,79,39,2.13
452,Mahdalynivka,UA,2022-07-23 03:34:48,48.921,34.9156,60.73,84,2,10.74
453,Sokoto,NG,2022-07-23 03:34:48,13.0609,5.239,78.58,78,100,5.82
454,Okhotsk,RU,2022-07-23 03:34:48,59.3833,143.3,66.54,75,48,7.09
455,Toktogul,KG,2022-07-23 03:34:49,41.8708,72.9402,83.57,31,0,2.17
456,Chapleau,CA,2022-07-23 03:33:22,47.8405,-83.4034,62.4,72,42,7.16
457,Takoradi,GH,2022-07-23 03:34:49,4.8845,-1.7554,73.78,81,56,5.48
458,Sefophe,BW,2022-07-23 03:34:50,-22.1833,27.9667,53.85,78,0,5.53
459,Nueva Rosita,MX,2022-07-23 03:34:50,27.95,-101.2167,90.39,33,1,20.78
460,Katherine,AU,2022-07-23 03:34:50,-14.4667,132.2667,80.92,11,21,10.36
461,Chebenki,RU,2022-07-23 03:34:51,51.9337,55.7077,73.15,51,88,7.67
462,Huarmey,PE,2022-07-23 03:35:51,-10.0681,-78.1522,61.86,87,43,6.51
463,Bluefield,US,2022-07-23 03:35:51,37.2698,-81.2223,72.16,80,0,4.0
464,La Crosse,US,2022-07-23 03:32:33,43.8014,-91.2396,77.13,89,7,6.13
465,Bani,DO,2022-07-23 03:35:52,18.2833,-70.3333,77.63,81,83,11.32
466,Atar,MR,2022-07-23 03:35:52,20.5169,-13.0499,84.67,53,100,9.33
467,Foso,GH,2022-07-23 03:35:52,5.7012,-1.2866,68.9,90,84,2.57
468,Copiapo,CL,2022-07-23 03:33:05,-27.3667,-70.3333,49.69,75,100,0.45
469,Sao Filipe,CV,2022-07-23 03:35:53,14.8961,-24.4956,74.53,83,64,1.5
470,Bilecik,TR,2022-07-23 03:35:53,40.0,30.1667,54.28,63,0,2.04
471,Santa Cruz,BO,2022-07-23 03:35:53,-17.8,-63.1667,69.26,78,35,4.61
472,Kulykivka,UA,2022-07-23 03:35:54,51.3735,31.6466,61.61,83,0,6.58
473,Finschhafen,PG,2022-07-23 03:35:54,-6.6024,147.8681,84.18,70,23,8.72
474,Harnai,PK,2022-07-23 03:35:55,30.1005,67.9374,82.22,68,100,3.44
475,Batagay,RU,2022-07-23 03:35:55,67.6333,134.6333,75.94,42,98,5.01
476,Vacaria,BR,2022-07-23 03:35:55,-28.5122,-50.9339,56.86,92,100,3.96
477,Tilichiki,RU,2022-07-23 03:35:56,60.4667,166.1,56.14,68,82,5.17
478,Iwanuma,JP,2022-07-23 03:35:56,38.1047,140.8594,85.91,88,75,9.22
479,Port Hueneme,US,2022-07-23 03:33:07,34.1478,-119.1951,78.51,81,0,5.75
480,Sarandi,BR,2022-07-23 03:35:56,-23.4436,-51.8739,63.48,48,97,3.53
481,Victor Harbor,AU,2022-07-23 03:35:57,-35.5667,138.6167,63.0,67,16,1.01
482,Axim,GH,2022-07-23 03:35:57,4.8699,-2.2405,74.88,74,66,5.41
483,Otjimbingwe,NA,2022-07-23 03:35:57,-22.35,16.1333,59.23,42,2,7.61
484,Mende,FR,2022-07-23 03:35:58,44.6667,3.5,52.21,98,70,1.9
485,Abu Samrah,SY,2022-07-23 03:35:58,35.3029,37.1841,74.59,51,0,7.4
486,Mezozombor,HU,2022-07-23 03:35:58,48.15,21.2667,71.02,60,2,3.2
487,Kruisfontein,ZA,2022-07-23 03:35:59,-34.0033,24.7314,51.64,72,100,7.11
488,Alta Floresta,BR,2022-07-23 03:32:27,-9.8756,-56.0861,72.61,44,70,1.92
489,Mbanza-Ngungu,CD,2022-07-23 03:35:59,-5.25,14.8667,63.52,80,4,5.73
490,Matay,EG,2022-07-23 03:36:00,28.419,30.7792,76.6,48,74,9.66
491,Luena,AO,2022-07-23 03:36:00,-11.7833,19.9167,52.21,60,43,3.96
492,Tommot,RU,2022-07-23 03:36:01,58.9564,126.2925,88.03,42,84,4.79
493,Staryy Nadym,RU,2022-07-23 03:36:01,65.6118,72.6842,50.85,82,99,8.19
494,Chateaubelair,VC,2022-07-23 03:36:01,13.2833,-61.25,78.15,76,14,10.71
495,Chapais,CA,2022-07-23 03:36:02,49.7834,-74.8492,67.78,92,37,8.25
496,Hay River,CA,2022-07-23 03:36:02,60.8156,-115.7999,69.78,49,75,5.75
497,Kirkenes,NO,2022-07-23 03:36:02,69.7271,30.0458,54.55,87,100,2.3
498,Udachnyy,RU,2022-07-23 03:36:03,66.4167,112.4,70.45,64,1,5.66
499,Samarai,PG,2022-07-23 03:36:03,-10.6167,150.6667,82.42,72,38,8.08
500,Sikasso,ML,2022-07-23 03:36:03,10.9167,-7.0,72.82,92,95,4.23
501,Vostok,RU,2022-07-23 03:36:04,46.4856,135.8833,69.35,63,99,2.06
502,Kupang,ID,2022-07-23 03:36:04,-10.1667,123.5833,83.73,43,78,13.27
503,Dzerzhinskoye,RU,2022-07-23 03:36:04,56.8344,95.2283,74.68,45,100,4.81
504,Illapel,CL,2022-07-23 03:36:05,-31.6308,-71.1653,54.64,84,0,1.21
505,Ipixuna,BR,2022-07-23 03:36:05,-1.7625,-48.8043,73.98,87,99,3.71
506,Lazarev,RU,2022-07-23 03:37:05,52.225,141.5131,57.6,80,100,10.85
507,Guymon,US,2022-07-23 03:37:06,36.6828,-101.4816,87.8,42,0,16.11
508,Eyemouth,GB,2022-07-23 03:37:06,55.8713,-2.0901,57.24,93,98,8.03
509,Mangochi,MW,2022-07-23 03:37:07,-14.4782,35.2645,65.05,74,97,6.31
510,Sfantu Gheorghe,RO,2022-07-23 03:37:07,45.8667,25.7833,63.93,57,1,1.59
511,Ndende,GA,2022-07-23 03:37:07,-2.4008,11.3581,66.76,86,81,2.15
512,Churapcha,RU,2022-07-23 03:37:08,62.0025,132.4325,64.6,95,100,1.72
513,Burgeo,CA,2022-07-23 03:37:08,47.6167,-57.6152,62.64,99,100,5.77
514,Matane,CA,2022-07-23 03:37:08,48.8286,-67.522,62.13,82,36,5.55
515,Berlevag,NO,2022-07-23 03:37:09,70.8578,29.0864,53.6,71,47,11.5
516,Griffith,US,2022-07-23 03:32:51,41.5284,-87.4237,77.9,80,0,5.75
517,Saint-Pierre,RE,2022-07-23 03:32:25,-21.3393,55.4781,67.91,70,0,8.05
518,Dabakala,CI,2022-07-23 03:37:09,8.3667,-4.4333,69.19,93,93,4.63
519,Touros,BR,2022-07-23 03:37:10,-5.1989,-35.4608,73.29,88,51,13.33
520,Thessalon,CA,2022-07-23 03:37:10,46.2501,-83.5666,64.69,85,33,6.58
521,Zabaykalsk,RU,2022-07-23 03:37:10,49.6333,117.3167,73.36,59,100,12.41
522,Nogliki,RU,2022-07-23 03:37:11,51.8333,143.1667,61.18,73,93,8.48
523,Vysokopillya,UA,2022-07-23 03:37:11,47.4919,33.5306,64.49,76,0,11.16
524,Rio Gallegos,AR,2022-07-23 03:37:11,-51.6226,-69.2181,30.25,86,0,14.97
525,Los Lunas,US,2022-07-23 03:37:12,34.8062,-106.7334,85.66,38,72,1.01
526,Santa Ana,US,2022-07-23 03:37:12,33.7456,-117.8678,81.12,77,40,10.36
527,Bruck An Der Leitha,AT,2022-07-23 03:37:13,48.0167,16.7667,78.24,69,0,5.75
528,Zhangye,CN,2022-07-23 03:37:13,38.9342,100.4517,86.25,14,0,1.54
529,Leningradskiy,RU,2022-07-23 03:37:13,69.3833,178.4167,38.59,78,62,7.05
530,Amga,RU,2022-07-23 03:37:14,60.8953,131.9608,81.18,56,99,1.7
531,Erdenet,MN,2022-07-23 03:37:14,49.0333,104.0833,63.0,57,49,2.48
532,Ketchikan,US,2022-07-23 03:35:24,55.3422,-131.6461,63.07,67,40,8.05
533,Puerto Narino,CO,2022-07-23 03:37:14,-3.7703,-70.3831,71.96,98,94,1.68
534,Seoul,KR,2022-07-23 03:34:37,37.5683,126.9778,81.97,69,75,9.22
535,Shieli,KZ,2022-07-23 03:37:15,44.1667,66.75,96.98,15,1,17.65
536,Gat,IL,2022-07-23 03:37:15,31.61,34.7642,75.88,100,1,1.12
537,Manokwari,ID,2022-07-23 03:37:16,-0.8667,134.0833,82.69,74,21,10.27
538,Katsuura,JP,2022-07-23 03:37:16,35.1333,140.3,82.42,71,0,19.15
539,Thinadhoo,MV,2022-07-23 03:37:16,0.5333,72.9333,81.68,73,100,7.36
540,Yatou,CN,2022-07-23 03:37:17,37.15,122.3833,68.61,97,100,9.62
541,Sambava,MG,2022-07-23 03:32:21,-14.2667,50.1667,68.59,85,86,9.6
542,The Valley,AI,2022-07-23 03:37:17,18.217,-63.0578,81.1,74,15,22.35
543,Geraldton,AU,2022-07-23 03:37:17,-28.7667,114.6,64.81,72,100,14.97
544,Almenara,BR,2022-07-23 03:37:18,-16.1836,-40.6944,62.44,95,0,1.3
545,Tatawin,TN,2022-07-23 03:37:18,32.9297,10.4518,70.88,66,0,3.62
546,Jalapa,MX,2022-07-23 03:32:28,19.5333,-96.9167,62.04,95,68,2.77
547,Concarneau,FR,2022-07-23 03:37:19,47.875,-3.9225,55.81,92,47,3.89
548,Murmashi,RU,2022-07-23 03:37:19,68.8154,32.8115,52.21,100,40,0.0
549,Tiznit,MA,2022-07-23 03:37:19,29.5833,-9.5,79.86,35,43,0.65
550,Brovary,UA,2022-07-23 03:37:20,50.5,30.7667,66.81,92,0,6.96
551,Dalvik,IS,2022-07-23 03:37:20,65.9702,-18.5286,46.33,91,14,1.43
552,Santa Cruz De Tenerife,ES,2022-07-23 03:37:20,28.4682,-16.2546,75.79,82,75,7.0
553,Kortkeros,RU,2022-07-23 03:38:21,61.8106,51.5806,64.18,54,80,6.73
554,Sitka,US,2022-07-23 03:38:21,57.0531,-135.33,53.49,87,100,8.05
555,Oristano,IT,2022-07-23 03:38:21,39.9,8.6,80.82,53,0,4.07
556,Meulaboh,ID,2022-07-23 03:38:01,4.1363,96.1285,86.18,65,93,5.06
557,Nhulunbuy,AU,2022-07-23 03:38:22,-12.2333,136.7667,79.41,44,6,13.8
558,Henties Bay,NA,2022-07-23 03:38:22,-22.116,14.2845,56.34,88,2,7.94
