City ID,City,Country,Date,Lat,Lng,Max Temp,Humidity,Cloudiness,Wind Speed,Current Weather Description
0,Butaritari,KI,2022-07-27 15:36:42,3.0707,172.7902,81.45,75,13,16.6,few clouds
1,Muroto,JP,2022-07-27 15:36:43,33.2833,134.15,80.8,86,84,4.14,broken clouds
2,Ribeira Grande,PT,2022-07-27 15:32:27,38.5167,-28.7,81.0,78,75,18.41,broken clouds
3,Aquiraz,BR,2022-07-27 15:36:43,-3.9014,-38.3911,87.46,61,29,14.34,scattered clouds
4,Ushuaia,AR,2022-07-27 15:28:11,-54.8,-68.3,38.86,70,20,9.22,few clouds
5,Wajima,JP,2022-07-27 15:36:44,37.4,136.9,76.21,87,100,5.44,overcast clouds
6,Iqaluit,CA,2022-07-27 15:36:44,63.7506,-68.5145,55.13,58,20,5.75,few clouds
7,Port Lincoln,AU,2022-07-27 15:32:42,-34.7333,135.8667,50.88,86,51,8.25,broken clouds
8,Labuan,MY,2022-07-27 15:36:44,5.2767,115.2417,79.16,83,20,2.3,few clouds
9,Port Elizabeth,ZA,2022-07-27 15:36:45,-33.918,25.5701,61.11,80,0,11.5,clear sky
10,Bluff,NZ,2022-07-27 15:32:29,-46.6,168.3333,47.8,89,100,10.22,overcast clouds
11,Ribeira Brava,PT,2022-07-27 15:36:45,32.65,-17.0667,84.0,70,2,4.36,clear sky
12,Victoria,HK,2022-07-27 15:34:08,22.2855,114.1577,87.33,77,34,8.01,scattered clouds
13,Laguna,US,2022-07-27 15:36:46,38.421,-121.4238,76.96,73,0,8.05,clear sky
14,Cape Town,ZA,2022-07-27 15:32:32,-33.9258,18.4232,66.61,72,0,11.5,clear sky
15,Dinghai,CN,2022-07-27 15:36:46,26.2847,119.7936,81.52,88,89,3.58,overcast clouds
16,Shingu,JP,2022-07-27 15:36:47,33.7333,135.9833,76.86,92,6,2.66,clear sky
17,Ilulissat,GL,2022-07-27 15:36:47,69.2167,-51.1,42.82,93,100,3.44,fog
18,Busselton,AU,2022-07-27 15:32:39,-33.65,115.3333,55.65,79,91,9.62,overcast clouds
19,Bodden Town,KY,2022-07-27 15:36:47,19.2833,-81.25,89.6,72,40,12.66,scattered clouds
20,Cortez,US,2022-07-27 15:36:48,37.3489,-108.5859,65.16,72,100,0.0,overcast clouds
21,Roald,NO,2022-07-27 15:36:48,62.5833,6.1333,57.76,82,75,5.75,broken clouds
22,Koumac,NC,2022-07-27 15:36:49,-20.5667,164.2833,70.74,81,66,9.78,broken clouds
23,Leningradskiy,RU,2022-07-27 15:36:49,69.3833,178.4167,35.58,92,100,3.36,overcast clouds
24,Barabinsk,RU,2022-07-27 15:36:42,55.3571,78.357,70.32,60,69,5.77,broken clouds
25,Hermanus,ZA,2022-07-27 15:32:33,-34.4187,19.2345,58.6,68,0,12.88,clear sky
26,Saint-Philippe,RE,2022-07-27 15:32:48,-21.3585,55.7679,70.21,82,22,9.53,few clouds
27,Hobart,AU,2022-07-27 15:35:24,-42.8794,147.3294,49.26,78,40,4.61,scattered clouds
28,Puerto Ayora,EC,2022-07-27 15:32:25,-0.7393,-90.3518,75.16,91,94,8.99,overcast clouds
29,Nikolskoye,RU,2022-07-27 15:32:38,59.7035,30.7861,67.91,86,100,4.68,overcast clouds
30,Sitka,US,2022-07-27 15:32:40,57.0531,-135.33,55.29,82,20,4.61,few clouds
31,Rawson,AR,2022-07-27 15:36:50,-43.3002,-65.1023,45.03,85,100,8.84,overcast clouds
32,Marsh Harbour,BS,2022-07-27 15:35:32,26.5412,-77.0636,83.25,73,33,13.71,scattered clouds
33,Srednekolymsk,RU,2022-07-27 15:36:51,67.45,153.6833,38.12,81,4,7.36,clear sky
34,East Angus,CA,2022-07-27 15:35:51,45.4834,-71.6658,74.03,66,20,2.3,few clouds
35,Antalaha,MG,2022-07-27 15:36:51,-14.9003,50.2788,68.85,81,7,9.44,clear sky
36,Bethel,US,2022-07-27 15:36:52,41.3712,-73.414,84.34,51,0,4.61,clear sky
37,Necochea,AR,2022-07-27 15:32:38,-38.5473,-58.7368,52.63,94,100,3.06,light rain
38,Mar Del Plata,AR,2022-07-27 15:36:52,-38.0023,-57.5575,53.62,60,100,8.99,thunderstorm with rain
39,Berlevag,NO,2022-07-27 15:36:52,70.8578,29.0864,69.6,94,100,5.75,fog
40,Hollins,US,2022-07-27 15:36:53,37.3413,-79.9431,78.48,91,0,12.66,clear sky
41,Lebu,CL,2022-07-27 15:36:53,-37.6167,-73.65,54.03,74,78,12.95,broken clouds
42,Punta Arenas,CL,2022-07-27 15:29:42,-53.15,-70.9167,39.31,65,75,17.27,broken clouds
43,Rikitea,PF,2022-07-27 15:32:36,-23.1203,-134.9692,73.92,72,99,12.77,overcast clouds
44,Dukat,RU,2022-07-27 15:36:54,62.55,155.55,43.23,70,11,4.59,few clouds
45,Yuksekova,TR,2022-07-27 15:36:54,37.5736,44.2872,82.15,14,20,10.36,few clouds
46,Pangnirtung,CA,2022-07-27 15:36:54,66.1451,-65.7125,46.4,87,40,13.8,scattered clouds
47,Bredasdorp,ZA,2022-07-27 15:36:55,-34.5322,20.0403,53.28,77,0,7.85,clear sky
48,Kirkuk,IQ,2022-07-27 15:33:59,35.4681,44.3922,100.71,7,0,11.3,clear sky
49,Vaini,TO,2022-07-27 15:36:55,-21.2,-175.2,71.76,94,40,3.44,scattered clouds
50,Bilibino,RU,2022-07-27 15:36:56,68.0546,166.4372,37.44,81,93,3.76,overcast clouds
51,Dikson,RU,2022-07-27 15:32:34,73.5069,80.5464,40.75,97,100,14.58,overcast clouds
52,West Lafayette,US,2022-07-27 15:34:31,40.4259,-86.9081,74.41,93,100,5.75,overcast clouds
53,Longyearbyen,SJ,2022-07-27 15:36:56,78.2186,15.6401,51.64,71,40,17.27,scattered clouds
54,Villarrica,PY,2022-07-27 15:36:57,-25.75,-56.4333,86.04,37,38,6.98,scattered clouds
55,Port Keats,AU,2022-07-27 15:36:57,-14.25,129.55,70.25,37,63,11.5,broken clouds
56,Norman Wells,CA,2022-07-27 15:32:45,65.282,-126.8329,57.24,77,20,0.0,few clouds
57,Plouzane,FR,2022-07-27 15:36:57,48.3833,-4.6167,68.18,51,100,9.22,overcast clouds
58,East London,ZA,2022-07-27 15:36:58,-33.0153,27.9116,63.54,77,40,11.5,scattered clouds
59,Carnarvon,AU,2022-07-27 15:36:53,-24.8667,113.6333,70.03,54,100,3.85,overcast clouds
60,Kodiak,US,2022-07-27 15:32:36,57.79,-152.4072,47.71,76,0,9.22,clear sky
61,Khorixas,NA,2022-07-27 15:36:58,-20.3667,14.9667,81.72,15,48,8.97,scattered clouds
62,Uelzen,DE,2022-07-27 15:36:59,52.9667,10.5667,73.15,41,15,10.27,few clouds
63,Samarai,PG,2022-07-27 15:32:43,-10.6167,150.6667,78.15,86,100,17.67,light rain
64,Port Alfred,ZA,2022-07-27 15:36:59,-33.5906,26.891,61.18,85,100,3.0,overcast clouds
65,Ponta Do Sol,PT,2022-07-27 15:32:28,32.6667,-17.1,84.0,69,2,4.59,clear sky
66,Dongkan,CN,2022-07-27 15:36:59,33.9997,119.8308,77.45,89,1,4.32,clear sky
67,Verkhnyaya Balkariya,RU,2022-07-27 15:37:00,43.1279,43.4573,59.92,90,67,1.7,broken clouds
68,Geraldton,AU,2022-07-27 15:37:00,-28.7667,114.6,59.41,63,75,12.66,broken clouds
69,Kiunga,PG,2022-07-27 15:37:01,-6.1219,141.2906,73.38,98,97,4.32,overcast clouds
70,New Norfolk,AU,2022-07-27 15:37:01,-42.7826,147.0587,48.92,79,92,1.01,overcast clouds
71,Seoul,KR,2022-07-27 15:36:35,37.5683,126.9778,81.84,71,0,3.44,clear sky
72,Tasiilaq,GL,2022-07-27 15:32:25,65.6145,-37.6368,44.76,94,98,5.17,overcast clouds
73,Rio Gallegos,AR,2022-07-27 15:37:02,-51.6226,-69.2181,30.25,69,0,8.05,clear sky
74,Nome,US,2022-07-27 15:37:02,64.5011,-165.4064,42.87,87,40,0.0,scattered clouds
75,Vilcun,CL,2022-07-27 15:37:02,-38.65,-72.2333,50.74,69,46,4.09,scattered clouds
76,Mataura,NZ,2022-07-27 15:32:35,-46.1927,168.8643,47.48,99,100,1.54,light rain
77,Sisimiut,GL,2022-07-27 15:37:03,66.9395,-53.6735,45.84,81,74,7.87,broken clouds
78,Nanortalik,GL,2022-07-27 15:32:49,60.1432,-45.2371,44.67,84,69,6.46,broken clouds
79,Qaanaaq,GL,2022-07-27 15:37:03,77.484,-69.3632,41.07,79,76,6.69,broken clouds
80,Bossangoa,CF,2022-07-27 15:37:04,6.4926,17.4552,76.71,88,100,4.56,light rain
81,Mahebourg,MU,2022-07-27 15:37:04,-20.4081,57.7,70.25,83,40,11.5,scattered clouds
82,Pombal,BR,2022-07-27 15:36:45,-6.7703,-37.8017,92.3,31,42,8.75,scattered clouds
83,Yellowknife,CA,2022-07-27 15:35:01,62.456,-114.3525,66.72,55,75,12.66,broken clouds
84,Atuona,PF,2022-07-27 15:32:45,-9.8,-139.0333,77.61,67,61,22.15,broken clouds
85,Albany,US,2022-07-27 15:31:23,42.6001,-73.9662,78.62,51,99,1.01,overcast clouds
86,Jamestown,US,2022-07-27 15:30:59,42.097,-79.2353,77.02,53,75,6.91,broken clouds
87,Zeya,RU,2022-07-27 15:37:05,53.75,127.2667,66.38,97,100,3.04,overcast clouds
88,Verkhniye Tatyshly,RU,2022-07-27 15:37:05,56.2912,55.8575,64.83,81,79,5.28,broken clouds
89,Caluquembe,AO,2022-07-27 15:37:05,-13.7833,14.6833,76.01,17,43,2.51,scattered clouds
90,Saint George,US,2022-07-27 15:32:44,37.1041,-113.5841,82.63,63,0,0.0,clear sky
91,Ancud,CL,2022-07-27 15:37:06,-41.8697,-73.8203,53.22,81,54,3.85,broken clouds
92,Palmer,US,2022-07-27 15:37:06,42.1584,-72.3287,82.09,52,40,5.75,scattered clouds
93,Sherbakul,RU,2022-07-27 15:37:07,54.6316,72.3963,68.95,65,84,10.25,broken clouds
94,North Bend,US,2022-07-27 15:37:07,43.4065,-124.2243,61.16,100,0,3.44,clear sky
95,Brae,GB,2022-07-27 15:37:07,60.3964,-1.353,56.32,73,86,7.96,overcast clouds
96,Udachnyy,RU,2022-07-27 15:37:08,66.4167,112.4,75.45,73,81,6.53,broken clouds
97,Laureles,US,2022-07-27 15:37:08,26.1092,-97.4941,90.01,64,75,11.5,broken clouds
98,Alofi,NU,2022-07-27 15:37:08,-19.0595,-169.9187,62.49,94,10,1.14,clear sky
99,Hilo,US,2022-07-27 15:27:30,19.7297,-155.09,78.28,93,40,4.61,scattered clouds
100,Najran,SA,2022-07-27 15:37:09,17.4924,44.1277,95.65,24,93,12.01,overcast clouds
101,Airai,TL,2022-07-27 15:37:09,-8.9266,125.4092,52.52,81,60,3.96,broken clouds
102,Sakakah,SA,2022-07-27 15:37:09,29.9697,40.2064,107.17,8,4,3.83,clear sky
103,Kargat,RU,2022-07-27 15:37:10,55.1956,80.2811,67.39,68,100,6.33,overcast clouds
104,Tuy Hoa,VN,2022-07-27 15:37:10,13.0833,109.3,78.58,89,28,5.3,scattered clouds
105,Santa Cruz,BO,2022-07-27 15:37:10,-17.8,-63.1667,86.05,54,40,17.27,scattered clouds
106,Zhanaozen,KZ,2022-07-27 15:37:11,43.3,52.8,91.27,22,3,10.63,clear sky
107,Yamada,JP,2022-07-27 15:37:11,39.4667,141.95,72.55,95,100,3.51,overcast clouds
108,Kholmogory,RU,2022-07-27 15:37:11,64.2229,41.656,71.1,69,100,6.62,overcast clouds
109,Altay,CN,2022-07-27 15:37:12,47.8667,88.1167,67.8,38,15,6.62,few clouds
110,Barrow,US,2022-07-27 15:37:12,71.2906,-156.7887,32.68,100,100,13.11,snow
111,Nador,MA,2022-07-27 15:37:12,35.174,-2.9287,91.47,51,0,16.11,clear sky
112,Codrington,AU,2022-07-27 15:37:13,-38.2667,141.9667,51.4,76,91,9.04,overcast clouds
113,Gawler,AU,2022-07-27 15:37:13,-34.6,138.7333,47.48,94,79,2.98,broken clouds
114,Nampula,MZ,2022-07-27 15:37:13,-15.1165,39.2666,73.35,60,20,9.22,few clouds
115,Mount Isa,AU,2022-07-27 15:37:14,-20.7333,139.5,56.97,33,0,9.22,clear sky
116,Moose Factory,CA,2022-07-27 15:37:14,51.2585,-80.6094,69.8,68,75,11.5,broken clouds
117,Nago,JP,2022-07-27 15:37:14,26.5881,127.9761,83.25,85,2,6.2,clear sky
118,Puerto Del Rosario,ES,2022-07-27 15:37:15,28.5004,-13.8627,92.95,38,0,19.57,clear sky
119,Tuktoyaktuk,CA,2022-07-27 15:32:40,69.4541,-133.0374,55.4,67,75,16.11,broken clouds
120,Dawei,MM,2022-07-27 15:37:15,14.0833,98.2,78.15,92,98,1.52,light rain
121,Moussoro,TD,2022-07-27 15:37:16,13.6408,16.4901,81.79,63,99,14.05,overcast clouds
122,Davila,PH,2022-07-27 15:37:16,18.4726,120.5763,78.78,79,100,2.44,overcast clouds
123,Port Blair,IN,2022-07-27 15:37:16,11.6667,92.75,82.44,83,40,2.3,mist
124,Natal,BR,2022-07-27 15:36:02,-5.795,-35.2094,86.22,58,40,19.57,scattered clouds
125,Vila Velha,BR,2022-07-27 15:37:17,-20.3297,-40.2925,78.75,72,20,9.22,few clouds
126,Maragogi,BR,2022-07-27 15:37:17,-9.0122,-35.2225,78.84,69,92,11.18,overcast clouds
127,Faanui,PF,2022-07-27 15:32:44,-16.4833,-151.75,77.49,76,12,16.84,few clouds
128,Dillon,US,2022-07-27 15:36:44,34.4166,-79.3712,93.25,43,93,13.29,overcast clouds
129,Margate,GB,2022-07-27 15:37:18,51.3813,1.3862,69.12,57,99,1.01,overcast clouds
130,Sheregesh,RU,2022-07-27 15:37:18,52.9209,87.9869,54.37,84,6,2.75,clear sky
131,Grindavik,IS,2022-07-27 15:37:19,63.8424,-22.4338,53.55,100,100,19.57,light intensity drizzle
132,Arraial Do Cabo,BR,2022-07-27 15:32:25,-22.9661,-42.0278,80.56,57,20,13.8,few clouds
133,Luanda,AO,2022-07-27 15:36:40,-8.8368,13.2343,70.68,80,72,14.43,broken clouds
134,Castro,BR,2022-07-27 15:37:19,-24.7911,-50.0119,73.04,44,9,4.36,clear sky
135,Fare,PF,2022-07-27 15:37:20,-16.7,-151.0167,78.51,73,0,18.41,clear sky
136,Namibe,AO,2022-07-27 15:32:49,-15.1961,12.1522,67.87,73,7,6.26,clear sky
137,Katsuura,JP,2022-07-27 15:32:41,35.1333,140.3,79.3,92,92,15.01,overcast clouds
138,Jaca,ES,2022-07-27 15:37:20,42.569,-0.5499,89.02,23,0,4.94,clear sky
139,Port Macquarie,AU,2022-07-27 15:37:20,-31.4333,152.9167,44.89,71,6,9.37,clear sky
140,Rio Grande,BR,2022-07-27 15:37:21,-32.035,-52.0986,64.51,81,99,3.47,overcast clouds
141,Isiro,CD,2022-07-27 15:37:21,2.7739,27.616,72.79,83,99,0.89,overcast clouds
142,Paamiut,GL,2022-07-27 15:37:21,61.994,-49.6678,42.31,93,27,15.1,scattered clouds
143,Gao,ML,2022-07-27 15:36:59,16.6362,1.637,101.86,22,1,17.25,clear sky
144,Ugoofaaru,MV,2022-07-27 15:37:22,5.6667,73.0,82.06,77,32,15.05,scattered clouds
145,Baoshan,CN,2022-07-27 15:37:22,46.5586,131.4244,71.94,92,85,4.29,overcast clouds
146,Santa Cruz Del Sur,CU,2022-07-27 15:37:23,20.7147,-77.9956,86.2,64,99,17.98,overcast clouds
147,Bubaque,GW,2022-07-27 15:37:23,11.2833,-15.8333,79.0,80,80,10.67,light rain
148,Inhambane,MZ,2022-07-27 15:37:23,-23.865,35.3833,71.58,64,20,6.91,few clouds
149,Kingisepp,RU,2022-07-27 15:37:24,59.3733,28.6134,64.92,79,100,6.31,overcast clouds
150,Nouadhibou,MR,2022-07-27 15:37:24,20.931,-17.0347,82.38,69,12,24.16,few clouds
151,Carauari,BR,2022-07-27 15:37:24,-4.8828,-66.8958,92.71,42,68,3.2,broken clouds
152,Mabaruma,GY,2022-07-27 15:37:25,8.2,-59.7833,86.11,66,30,3.49,scattered clouds
153,Ulladulla,AU,2022-07-27 15:37:25,-35.35,150.4667,48.07,76,27,7.14,scattered clouds
154,La Mana,EC,2022-07-27 15:37:25,-0.9333,-79.2167,75.92,86,97,3.67,light rain
155,Biltine,TD,2022-07-27 15:37:26,14.5333,20.9167,90.59,42,79,3.94,broken clouds
156,Sohag,EG,2022-07-27 15:37:26,26.557,31.6948,100.85,10,41,13.11,scattered clouds
157,Payson,US,2022-07-27 15:36:59,40.0444,-111.7321,85.55,35,40,3.44,scattered clouds
158,Saskylakh,RU,2022-07-27 15:32:26,71.9167,114.0833,73.0,69,61,8.05,broken clouds
159,Provideniya,RU,2022-07-27 15:32:27,64.3833,-173.3,45.09,79,100,6.78,overcast clouds
160,Thompson,CA,2022-07-27 15:28:05,55.7435,-97.8558,57.36,82,100,10.36,overcast clouds
161,Menongue,AO,2022-07-27 15:37:27,-14.6585,17.691,77.36,15,49,5.61,scattered clouds
162,Tautira,PF,2022-07-27 15:37:27,-17.7333,-149.15,76.23,79,82,21.05,light rain
163,Bathsheba,BB,2022-07-27 15:37:27,13.2167,-59.5167,83.01,97,75,20.71,broken clouds
164,Sitia,GR,2022-07-27 15:37:28,35.2,26.0986,79.57,61,0,8.57,clear sky
165,Zyryanka,RU,2022-07-27 15:37:28,65.75,150.85,45.9,62,15,6.53,few clouds
166,Avarua,CK,2022-07-27 15:32:37,-21.2078,-159.775,73.45,68,75,11.5,broken clouds
167,Lompoc,US,2022-07-27 15:34:02,34.6391,-120.4579,58.93,88,100,3.0,fog
168,Awjilah,LY,2022-07-27 15:37:29,29.1081,21.2869,99.9,15,0,14.0,clear sky
169,Nelson Bay,AU,2022-07-27 15:37:29,-32.7167,152.15,53.01,80,73,11.99,broken clouds
170,Upernavik,GL,2022-07-27 15:37:29,72.7868,-56.1549,39.31,81,100,1.77,overcast clouds
171,Khambhat,IN,2022-07-27 15:37:30,22.3,72.6167,83.98,77,72,8.03,broken clouds
172,Bolobo,CD,2022-07-27 15:37:30,-2.1667,16.2333,89.4,33,73,1.48,broken clouds
173,San Carlos De Bariloche,AR,2022-07-27 15:37:30,-41.1456,-71.3082,44.24,63,100,0.0,overcast clouds
174,Jiaozuo,CN,2022-07-27 15:37:31,35.2397,113.2331,76.95,90,100,2.66,overcast clouds
175,San Cristobal,VE,2022-07-27 15:37:31,7.7669,-72.225,77.18,63,79,5.23,broken clouds
176,Gigmoto,PH,2022-07-27 15:37:31,13.7796,124.39,81.37,84,100,4.45,light rain
177,Lasa,IT,2022-07-27 15:37:32,46.6166,10.7002,77.68,73,66,2.71,broken clouds
178,Chuy,UY,2022-07-27 15:37:32,-33.6971,-53.4616,62.28,86,77,8.14,broken clouds
179,Chokurdakh,RU,2022-07-27 15:37:32,70.6333,147.9167,43.79,65,85,9.75,overcast clouds
180,Chara,RU,2022-07-27 15:37:33,56.9064,118.2631,65.41,77,97,2.51,overcast clouds
181,Honningsvag,NO,2022-07-27 15:37:33,70.9821,25.9704,51.55,93,100,10.36,moderate rain
182,Govindgarh,IN,2022-07-27 15:37:33,27.5,76.9833,87.66,65,100,6.53,heavy intensity rain
183,Bonavista,CA,2022-07-27 15:37:34,48.6499,-53.1147,62.56,91,100,7.27,overcast clouds
184,Asau,RO,2022-07-27 15:37:34,46.4333,26.4,79.72,74,72,2.62,broken clouds
185,Sao Filipe,CV,2022-07-27 15:32:43,14.8961,-24.4956,80.02,83,94,1.63,overcast clouds
186,Ahipara,NZ,2022-07-27 15:37:35,-35.1667,173.1667,58.95,91,98,19.62,light rain
187,Comodoro Rivadavia,AR,2022-07-27 15:37:35,-45.8667,-67.5,40.86,70,0,2.3,clear sky
188,Bilma,NE,2022-07-27 15:37:35,18.6853,12.9164,105.85,8,23,11.86,few clouds
189,Monrovia,LR,2022-07-27 15:37:36,6.3005,-10.7969,74.64,89,100,11.01,light rain
190,Hirara,JP,2022-07-27 15:37:36,24.8,125.2833,84.92,77,11,12.41,few clouds
191,Redding,US,2022-07-27 15:33:14,40.5865,-122.3917,83.66,45,0,3.44,clear sky
192,Rafaela,AR,2022-07-27 15:37:36,-31.2503,-61.4867,82.81,35,96,10.65,overcast clouds
193,Kaitangata,NZ,2022-07-27 15:37:37,-46.2817,169.8464,44.4,96,100,4.63,overcast clouds
194,Ketovo,RU,2022-07-27 15:37:37,55.355,65.3258,61.12,72,99,11.99,overcast clouds
195,Gamba,GA,2022-07-27 15:37:37,-2.65,10.0,73.22,76,88,8.77,overcast clouds
196,Corrente,BR,2022-07-27 15:37:38,-3.7367,-43.3394,90.9,38,32,3.94,scattered clouds
197,Muzhi,RU,2022-07-27 15:37:38,65.3667,64.6667,62.44,65,2,4.56,clear sky
198,Balarampur,IN,2022-07-27 15:37:39,23.1167,86.2167,83.82,68,99,4.36,overcast clouds
199,Abu Zabad,SD,2022-07-27 15:37:39,12.35,29.25,79.93,66,100,10.76,overcast clouds
200,Nakamura,JP,2022-07-27 15:37:39,32.9833,132.9333,76.6,96,46,2.62,scattered clouds
201,Fairbanks,US,2022-07-27 15:37:40,64.8378,-147.7164,48.09,84,75,5.75,light rain
202,Villa Maria,AR,2022-07-27 15:37:40,-32.4075,-63.2402,56.82,89,86,16.58,overcast clouds
203,Cidreira,BR,2022-07-27 15:37:40,-30.1811,-50.2056,67.44,73,87,6.26,overcast clouds
204,Clyde River,CA,2022-07-27 15:37:41,70.4692,-68.5914,43.03,100,100,3.44,overcast clouds
205,Poum,NC,2022-07-27 15:37:41,-20.2333,164.0167,73.98,69,91,11.92,overcast clouds
206,Belyy Yar,RU,2022-07-27 15:37:41,53.6039,91.3903,64.29,73,0,4.47,clear sky
207,La Mata,PA,2022-07-27 15:37:42,8.0833,-80.8833,82.65,74,77,1.41,broken clouds
208,Te Anau,NZ,2022-07-27 15:37:42,-45.4167,167.7167,42.57,97,100,1.68,overcast clouds
209,Tiksi,RU,2022-07-27 15:32:50,71.6872,128.8694,50.32,92,88,4.41,overcast clouds
210,Tilichiki,RU,2022-07-27 15:37:42,60.4667,166.1,43.07,91,77,8.37,broken clouds
211,Challans,FR,2022-07-27 15:37:43,46.8436,-1.8749,83.32,50,36,13.85,scattered clouds
212,Adrar,MR,2022-07-27 15:37:43,20.5022,-10.0711,112.48,7,2,15.01,clear sky
213,Road Town,VG,2022-07-27 15:36:09,18.4167,-64.6167,86.04,66,75,10.36,broken clouds
214,Georgetown,MY,2022-07-27 15:37:44,5.4112,100.3354,82.33,91,40,5.75,moderate rain
215,Tura,IN,2022-07-27 15:37:44,25.5198,90.2201,74.77,90,73,3.89,broken clouds
216,Tuatapere,NZ,2022-07-27 15:37:42,-46.1333,167.6833,44.6,97,100,2.08,light rain
217,Denpasar,ID,2022-07-27 15:37:44,-8.65,115.2167,78.46,83,20,10.36,few clouds
218,Severo-Kurilsk,RU,2022-07-27 15:37:45,50.6789,156.125,50.72,83,24,6.85,few clouds
219,Panjab,AF,2022-07-27 15:37:45,34.388,67.0233,68.18,25,4,7.54,clear sky
220,Mayumba,GA,2022-07-27 15:37:46,-3.432,10.6554,72.81,76,64,6.73,broken clouds
221,Trelew,AR,2022-07-27 15:37:46,-43.249,-65.3051,44.83,84,100,9.28,overcast clouds
222,North Battleford,CA,2022-07-27 15:33:02,52.7834,-108.2847,69.4,67,0,2.3,clear sky
223,Souillac,MU,2022-07-27 15:37:47,-20.5167,57.5167,70.18,83,40,11.5,scattered clouds
224,Wanning,CN,2022-07-27 15:37:47,18.8003,110.3967,81.09,85,56,5.21,broken clouds
225,Atyrau,KZ,2022-07-27 15:37:48,47.1167,51.8833,82.42,44,40,13.42,scattered clouds
226,Diego De Almagro,CL,2022-07-27 15:37:48,-26.3667,-70.05,71.6,21,1,4.9,clear sky
227,Torbay,CA,2022-07-27 15:32:28,47.6666,-52.7314,69.28,93,100,9.22,light intensity shower rain
228,Olafsvik,IS,2022-07-27 15:37:48,64.8945,-23.7142,52.21,89,100,13.4,overcast clouds
229,Kapaa,US,2022-07-27 15:37:49,22.0752,-159.319,77.32,87,20,13.8,few clouds
230,Talcahuano,CL,2022-07-27 15:37:49,-36.7167,-73.1167,55.08,82,40,13.8,scattered clouds
231,Kavaratti,IN,2022-07-27 15:37:49,10.5669,72.642,81.21,82,46,17.87,scattered clouds
232,Houma,US,2022-07-27 15:37:50,29.5958,-90.7195,89.01,74,40,3.44,scattered clouds
233,Guerrero Negro,MX,2022-07-27 15:37:50,27.9769,-114.0611,72.81,66,3,8.55,clear sky
234,Bengkulu,ID,2022-07-27 15:32:33,-3.8004,102.2655,76.82,83,26,3.96,scattered clouds
235,Talara,PE,2022-07-27 15:37:50,-4.5772,-81.2719,70.56,68,20,17.27,few clouds
236,Lorengau,PG,2022-07-27 15:37:51,-2.0226,147.2712,82.27,77,78,8.48,broken clouds
237,Kutina,HR,2022-07-27 15:37:51,45.475,16.7819,90.19,28,8,4.83,light rain
238,Faya,SA,2022-07-27 15:37:51,18.3851,42.4509,62.71,67,80,9.06,light rain
239,Nanakuli,US,2022-07-27 15:37:52,21.3906,-158.1547,76.98,64,0,4.61,clear sky
240,Erdenet,MN,2022-07-27 15:37:52,49.0333,104.0833,50.43,79,76,3.56,moderate rain
241,Soria,ES,2022-07-27 15:37:53,41.6667,-2.6667,91.11,29,16,9.24,few clouds
242,Pergamino,AR,2022-07-27 15:37:53,-33.89,-60.5736,69.91,83,81,1.99,broken clouds
243,Belmonte,BR,2022-07-27 15:37:53,-15.8631,-38.8828,77.25,59,0,8.28,clear sky
244,Kautokeino,NO,2022-07-27 15:37:54,69.0125,23.0412,54.01,81,100,11.77,overcast clouds
245,Yakeshi,CN,2022-07-27 15:37:54,49.2833,120.7333,61.95,93,100,6.31,overcast clouds
246,Hithadhoo,MV,2022-07-27 15:32:26,-0.6,73.0833,81.09,78,100,8.79,overcast clouds
247,Arroyo,ES,2022-07-27 15:37:54,41.6096,-4.7969,90.14,26,0,8.05,clear sky
248,Elko,US,2022-07-27 15:37:55,41.0002,-115.5012,76.05,19,7,2.33,clear sky
249,Calais,FR,2022-07-27 15:37:55,50.9167,1.8333,75.22,54,100,16.2,overcast clouds
250,Meulaboh,ID,2022-07-27 15:37:56,4.1363,96.1285,75.72,92,100,8.01,overcast clouds
251,San Patricio,US,2022-07-27 15:32:32,28.017,-97.5169,91.29,52,100,9.51,overcast clouds
252,Cabo San Lucas,MX,2022-07-27 15:32:49,22.8909,-109.9124,88.61,76,0,3.0,clear sky
253,Penzance,GB,2022-07-27 15:34:57,50.1186,-5.5371,63.72,63,20,9.22,few clouds
254,Oktyabrskoye,RU,2022-07-27 15:37:56,43.0645,44.7417,62.74,88,100,8.95,light rain
255,Buala,SB,2022-07-27 15:32:30,-8.145,159.5921,78.42,81,8,4.88,clear sky
256,Novotroitskaya,RU,2022-07-27 15:37:57,45.3267,41.5253,77.56,43,47,8.72,light rain
257,Numan,NG,2022-07-27 15:37:57,9.4667,12.0333,75.6,85,100,5.86,overcast clouds
258,Dalvik,IS,2022-07-27 15:37:58,65.9702,-18.5286,58.93,79,100,9.08,overcast clouds
259,Nalut,LY,2022-07-27 15:37:58,30.3333,10.85,99.32,10,0,11.95,clear sky
260,Mehamn,NO,2022-07-27 15:37:58,71.0357,27.8492,55.31,100,100,6.91,overcast clouds
261,Fortuna,US,2022-07-27 15:32:42,40.5982,-124.1573,56.35,80,33,3.6,scattered clouds
262,Gat,IL,2022-07-27 15:37:59,31.61,34.7642,90.39,37,0,14.2,clear sky
263,Doembang Nangbuat,TH,2022-07-27 15:37:59,14.8333,100.1,88.05,73,95,8.39,light rain
264,Ponta Delgada,PT,2022-07-27 15:37:59,37.7333,-25.6667,75.92,88,20,18.41,few clouds
265,Vizinga,RU,2022-07-27 15:38:00,61.0749,50.1031,67.64,54,6,2.55,clear sky
266,New Philadelphia,US,2022-07-27 15:34:19,40.4898,-81.4457,74.86,88,100,8.05,overcast clouds
267,Siderno,IT,2022-07-27 15:38:00,38.2779,16.302,89.33,47,0,3.04,clear sky
268,Narsaq,GL,2022-07-27 15:32:35,60.9167,-46.05,55.62,75,24,9.42,few clouds
269,Ostrovnoy,RU,2022-07-27 15:38:01,68.0531,39.5131,67.33,71,100,19.69,overcast clouds
270,Santa Rosa,PH,2022-07-27 15:34:51,14.3122,121.1114,85.1,86,92,5.12,overcast clouds
271,Dalbandin,PK,2022-07-27 15:38:01,28.8947,64.4101,90.09,46,47,11.61,scattered clouds
272,Balclutha,NZ,2022-07-27 15:38:02,-46.2339,169.75,43.25,99,100,2.01,overcast clouds
273,Puerto Madryn,AR,2022-07-27 15:38:02,-42.7692,-65.0385,44.8,88,100,13.96,overcast clouds
274,Luena,AO,2022-07-27 15:38:02,-11.7833,19.9167,74.88,17,48,4.38,scattered clouds
275,Skovorodino,RU,2022-07-27 15:38:03,53.9833,123.9167,63.66,97,100,2.13,overcast clouds
276,Flin Flon,CA,2022-07-27 15:38:03,54.7682,-101.865,60.64,72,75,8.05,broken clouds
277,George Town,MY,2022-07-27 15:37:44,5.4112,100.3354,82.33,91,40,5.75,moderate rain
278,Burnie,AU,2022-07-27 15:38:03,-41.0667,145.9167,46.94,70,64,10.31,broken clouds
279,Klaksvik,FO,2022-07-27 15:38:04,62.2266,-6.589,52.72,91,100,9.17,overcast clouds
280,Cockburn Town,TC,2022-07-27 15:38:04,21.4612,-71.1419,80.76,76,5,17.92,clear sky
281,Urucara,BR,2022-07-27 15:38:04,-2.5364,-57.76,88.72,56,100,2.28,overcast clouds
282,Khatanga,RU,2022-07-27 15:38:05,71.9667,102.5,61.75,70,92,6.49,overcast clouds
283,Sydney,AU,2022-07-27 15:35:04,-33.8679,151.2073,54.72,72,0,9.22,clear sky
284,Kalanguy,RU,2022-07-27 15:38:05,51.0167,116.5167,54.72,95,3,3.62,clear sky
285,Thessalon,CA,2022-07-27 15:38:06,46.2501,-83.5666,64.69,92,100,12.48,overcast clouds
286,Maloy,NO,2022-07-27 15:38:06,61.9353,5.1136,55.13,73,31,11.39,scattered clouds
287,Shintomi,JP,2022-07-27 15:38:06,32.0785,131.4723,76.71,92,10,2.71,clear sky
288,Morki,RU,2022-07-27 15:38:07,56.4303,48.9947,67.37,73,7,5.28,clear sky
289,Touros,BR,2022-07-27 15:38:07,-5.1989,-35.4608,82.6,64,29,17.22,scattered clouds
290,Waipawa,NZ,2022-07-27 15:38:08,-41.4122,175.5153,49.1,84,100,6.69,light rain
291,Tanabe,JP,2022-07-27 15:38:08,33.7333,135.3667,77.04,90,29,5.14,scattered clouds
292,Ha Tinh,VN,2022-07-27 15:38:08,18.3333,105.9,79.68,87,14,3.04,few clouds
293,Los Llanos De Aridane,ES,2022-07-27 15:38:09,28.6585,-17.9182,74.95,73,0,18.41,clear sky
294,Pacific Grove,US,2022-07-27 15:36:23,36.6177,-121.9166,59.43,95,100,8.01,overcast clouds
295,Praia Da Vitoria,PT,2022-07-27 15:38:09,38.7333,-27.0667,80.85,65,20,5.84,few clouds
296,Nortelandia,BR,2022-07-27 15:38:10,-14.4547,-56.8028,96.58,18,22,4.38,few clouds
297,Pangoa,PE,2022-07-27 15:38:10,-12.1167,-73.0,84.85,48,36,3.36,scattered clouds
298,Pevek,RU,2022-07-27 15:38:10,69.7008,170.3133,33.64,91,100,1.81,overcast clouds
299,Hercegszanto,HU,2022-07-27 15:38:11,45.95,18.9392,92.26,20,27,10.04,scattered clouds
300,Tambacounda,SN,2022-07-27 15:38:11,13.7539,-13.7586,91.45,62,75,9.22,broken clouds
301,Kibala,TD,2022-07-27 15:38:11,9.1104,18.3463,78.73,82,100,3.18,overcast clouds
302,Cherskiy,RU,2022-07-27 15:38:12,68.75,161.3,38.16,80,8,5.19,clear sky
303,Kondinskoye,RU,2022-07-27 15:38:12,59.6481,67.41,59.77,67,87,6.11,overcast clouds
304,Saint-Chamond,FR,2022-07-27 15:38:13,45.4737,4.5254,82.44,28,0,10.36,clear sky
305,Union,US,2022-07-27 15:34:18,40.6334,-74.2663,87.57,46,0,4.61,clear sky
306,Haines Junction,CA,2022-07-27 15:38:13,60.7522,-137.5108,46.35,87,70,1.14,broken clouds
307,Port Hardy,CA,2022-07-27 15:34:11,50.6996,-127.4199,62.78,88,0,2.3,clear sky
308,Broome,US,2022-07-27 15:38:14,42.2506,-75.833,81.7,59,0,6.91,clear sky
309,Nuuk,GL,2022-07-27 15:38:14,64.1835,-51.7216,47.01,87,75,9.22,broken clouds
310,Luwuk,ID,2022-07-27 15:38:14,-0.9516,122.7875,75.97,91,95,5.86,overcast clouds
311,Vanimo,PG,2022-07-27 15:38:15,-2.6741,141.3028,77.7,90,72,5.75,broken clouds
312,Petropavlovsk-Kamchatskiy,RU,2022-07-27 15:38:15,53.0452,158.6483,52.39,100,100,6.71,fog
313,Chimbarongo,CL,2022-07-27 15:38:16,-34.7,-71.05,50.88,79,91,3.27,overcast clouds
314,Hoskote,IN,2022-07-27 15:38:16,13.0669,77.7983,80.26,94,75,2.3,broken clouds
315,Hasaki,JP,2022-07-27 15:38:16,35.7333,140.8333,79.29,91,100,17.52,overcast clouds
316,Salinas,US,2022-07-27 15:36:05,36.6777,-121.6555,58.06,88,100,0.0,overcast clouds
317,Sibolga,ID,2022-07-27 15:38:17,1.7427,98.7792,77.94,78,99,2.62,overcast clouds
318,Bima,ID,2022-07-27 15:38:17,-8.4667,118.7167,70.66,91,9,4.65,clear sky
319,Auki,SB,2022-07-27 15:38:17,-8.7676,160.7034,75.76,89,35,4.0,scattered clouds
320,Prince Rupert,CA,2022-07-27 15:38:18,54.3161,-130.3201,60.89,94,40,8.05,scattered clouds
321,Hamilton,US,2022-07-27 15:37:00,39.1834,-84.5333,73.06,97,75,9.22,thunderstorm
322,Cayenne,GF,2022-07-27 15:32:29,4.9333,-52.3333,86.04,74,75,8.05,broken clouds
323,Fougamou,GA,2022-07-27 15:38:18,-1.2154,10.5838,91.98,34,97,5.1,overcast clouds
324,Caucaia,BR,2022-07-27 15:38:19,-3.7361,-38.6531,87.31,63,40,16.11,scattered clouds
325,Esperance,AU,2022-07-27 15:38:19,-33.8667,121.9,57.02,87,95,10.56,overcast clouds
326,Saldanha,ZA,2022-07-27 15:38:19,-33.0117,17.9442,68.05,78,0,8.86,clear sky
327,Tessalit,ML,2022-07-27 15:32:29,20.1986,1.0114,109.35,9,5,7.65,clear sky
328,Nkan,GA,2022-07-27 15:38:20,0.3833,9.7833,78.57,63,100,7.78,overcast clouds
329,Poya,NC,2022-07-27 15:38:20,-21.35,165.15,68.34,84,42,4.12,scattered clouds
330,Lakhdenpokhya,RU,2022-07-27 15:38:20,61.5198,30.1992,66.58,58,100,10.92,overcast clouds
331,Keuruu,FI,2022-07-27 15:38:21,62.2667,24.7,62.8,89,90,7.9,overcast clouds
332,Arman,RU,2022-07-27 15:38:21,59.7,150.1667,55.02,90,92,1.68,overcast clouds
333,Mayo,US,2022-07-27 15:36:37,38.8876,-76.5119,86.0,77,40,1.01,scattered clouds
334,Ossora,RU,2022-07-27 15:38:22,59.2353,163.0719,52.07,88,100,7.23,overcast clouds
335,Kuching,MY,2022-07-27 15:38:22,1.55,110.3333,77.22,94,40,0.0,scattered clouds
336,Sao Joao Da Barra,BR,2022-07-27 15:35:58,-21.6403,-41.0511,78.89,68,8,11.65,clear sky
337,Lexington,US,2022-07-27 15:35:36,37.9887,-84.4777,82.33,78,100,12.66,overcast clouds
338,Lauria,IT,2022-07-27 15:38:22,40.0465,15.8358,79.97,60,24,1.03,few clouds
339,Yerbogachen,RU,2022-07-27 15:38:23,61.2767,108.0108,62.24,76,93,6.58,overcast clouds
340,Rocha,UY,2022-07-27 15:38:23,-34.4833,-54.3333,66.18,84,83,12.77,broken clouds
341,Candelaria,PH,2022-07-27 15:38:23,13.9311,121.4233,81.39,96,100,5.21,overcast clouds
342,Jutai,BR,2022-07-27 15:38:24,-5.1833,-68.9,92.46,43,19,3.13,few clouds
343,Pangai,TO,2022-07-27 15:38:24,-19.8,-174.35,75.76,67,74,16.04,broken clouds
344,Portland,US,2022-07-27 15:37:32,45.5234,-122.6762,76.8,69,20,4.61,few clouds
345,Puerto Leguizamo,CO,2022-07-27 15:38:24,-0.1934,-74.7819,71.8,96,100,3.15,moderate rain
346,Roros,NO,2022-07-27 15:38:25,62.5747,11.3842,48.04,76,75,17.27,light intensity drizzle
347,Owando,CG,2022-07-27 15:38:25,-0.4819,15.8999,87.48,47,100,2.53,overcast clouds
348,Sicamous,CA,2022-07-27 15:38:26,50.8331,-118.9856,76.19,51,4,1.9,clear sky
349,Bambanglipuro,ID,2022-07-27 15:38:26,-7.95,110.2833,74.8,90,67,5.1,broken clouds
350,Buta,CD,2022-07-27 15:38:26,2.7858,24.73,75.63,90,99,0.87,light rain
351,Ketchikan,US,2022-07-27 15:38:27,55.3422,-131.6461,64.87,72,0,8.05,clear sky
352,Moron,AR,2022-07-27 15:38:27,-34.6534,-58.6198,69.94,95,91,2.48,overcast clouds
353,Kudahuvadhoo,MV,2022-07-27 15:38:27,2.6708,72.8944,82.56,76,100,14.94,overcast clouds
354,Kloulklubed,PW,2022-07-27 15:38:28,7.0419,134.2556,75.7,69,100,6.55,overcast clouds
355,Qaqortoq,GL,2022-07-27 15:38:28,60.7167,-46.0333,43.63,85,69,7.0,broken clouds
356,Pisco,PE,2022-07-27 15:32:47,-13.7,-76.2167,64.45,77,20,6.91,haze
357,Babugarh,IN,2022-07-27 15:38:29,28.7167,77.85,86.74,63,98,5.46,overcast clouds
358,Erenhot,CN,2022-07-27 15:38:29,43.6475,111.9767,76.89,24,100,8.32,overcast clouds
359,Jonkoping,SE,2022-07-27 15:38:29,57.7814,14.1562,67.39,63,20,11.5,few clouds
360,Inirida,CO,2022-07-27 15:38:30,3.8653,-67.9239,75.45,94,100,2.84,overcast clouds
361,Bairiki,KI,2022-07-27 15:38:30,1.3292,172.9752,80.6,78,20,11.5,light rain
362,Khargone,IN,2022-07-27 15:38:30,21.8167,75.6,79.03,87,100,5.5,overcast clouds
363,Orel-Izumrud,RU,2022-07-27 15:38:31,43.4583,39.9244,77.02,69,20,7.0,few clouds
364,Rongcheng,CN,2022-07-27 15:38:31,30.634,117.8517,80.37,88,24,3.65,few clouds
365,Katobu,ID,2022-07-27 15:38:31,-4.9408,122.5276,72.46,86,7,3.91,clear sky
366,Swan Hill,AU,2022-07-27 15:38:32,-35.3378,143.5544,43.23,90,9,7.76,clear sky
367,Mendota,US,2022-07-27 15:38:32,36.7536,-120.3816,68.27,34,0,7.56,clear sky
368,Lianran,CN,2022-07-27 15:38:33,24.9227,102.485,70.34,91,100,0.76,light rain
369,Bambous Virieux,MU,2022-07-27 15:38:33,-20.3428,57.7575,70.21,83,40,11.5,light rain
370,Champerico,GT,2022-07-27 15:38:33,14.3,-91.9167,81.14,76,39,5.55,scattered clouds
371,Baker City,US,2022-07-27 15:38:34,44.7749,-117.8344,71.31,49,0,4.61,clear sky
372,San Policarpo,PH,2022-07-27 15:32:39,12.1791,125.5072,79.03,89,100,5.97,overcast clouds
373,Xining,CN,2022-07-27 15:34:39,36.6167,101.7667,55.49,61,21,3.27,few clouds
374,Jurm,AF,2022-07-27 15:38:34,36.8648,70.8342,78.03,31,0,3.49,clear sky
375,Hambantota,LK,2022-07-27 15:38:34,6.1241,81.1185,73.74,100,75,4.61,broken clouds
376,Emerald,AU,2022-07-27 15:33:35,-23.5333,148.1667,45.34,62,0,12.08,clear sky
377,Concepcion Del Oro,MX,2022-07-27 15:38:35,24.6333,-101.4167,69.31,49,37,3.02,scattered clouds
378,Colomi,BO,2022-07-27 15:38:35,-17.35,-65.8667,61.07,39,18,3.87,few clouds
379,Biloela,AU,2022-07-27 15:38:36,-24.4167,150.5,46.11,67,0,7.11,clear sky
380,Luderitz,NA,2022-07-27 15:32:31,-26.6481,15.1594,60.31,65,0,10.85,clear sky
381,Khor,RU,2022-07-27 15:38:36,47.8861,134.9464,66.33,96,56,4.65,broken clouds
382,Abu Kamal,SY,2022-07-27 15:38:37,34.4506,40.9171,100.9,10,0,9.31,clear sky
383,Keetmanshoop,NA,2022-07-27 15:38:37,-26.5833,18.1333,64.69,14,0,2.37,clear sky
384,Bulaevo,KZ,2022-07-27 15:38:37,54.9056,70.4439,64.98,85,100,10.96,overcast clouds
385,Mbala,ZM,2022-07-27 15:38:38,-8.8402,31.3659,65.14,43,19,2.62,few clouds
386,Usuki,JP,2022-07-27 15:38:38,33.1081,131.7878,76.96,94,11,5.95,few clouds
387,Marawi,PH,2022-07-27 15:38:38,7.9986,124.2928,69.57,93,98,1.9,overcast clouds
388,Vardo,NO,2022-07-27 15:38:39,70.3705,31.1107,60.78,82,0,9.22,clear sky
389,Komsomolskiy,UZ,2022-07-27 15:38:39,40.4272,71.7189,93.92,24,0,2.3,clear sky
390,Terrace,CA,2022-07-27 15:38:39,54.5163,-128.6035,66.11,72,20,6.91,few clouds
391,Port-Gentil,GA,2022-07-27 15:38:40,-0.7193,8.7815,80.56,74,40,13.8,scattered clouds
392,Soyo,AO,2022-07-27 15:38:40,-6.1349,12.3689,72.95,78,63,9.13,broken clouds
393,Zhigansk,RU,2022-07-27 15:38:40,66.7697,123.3711,65.3,71,5,2.59,clear sky
394,Kauhajoki,FI,2022-07-27 15:38:41,62.4333,22.1833,62.58,85,99,7.49,overcast clouds
395,Lesozavodsk,RU,2022-07-27 15:38:41,45.4794,133.4244,70.54,92,94,3.02,overcast clouds
396,San Vicente,AR,2022-07-27 15:38:41,-26.6167,-54.1333,79.5,39,16,5.46,few clouds
397,Padang,ID,2022-07-27 15:38:42,-0.9492,100.3543,77.05,84,17,4.16,few clouds
398,Maarianhamina,AX,2022-07-27 15:38:42,60.0973,19.9348,60.66,72,75,12.66,broken clouds
399,Zhezkazgan,KZ,2022-07-27 15:38:42,47.8043,67.7144,79.18,37,13,6.76,few clouds
400,Manado,ID,2022-07-27 15:38:43,1.487,124.8455,77.77,94,40,3.44,scattered clouds
401,Shache,CN,2022-07-27 15:38:43,38.4167,77.2406,95.04,14,0,4.5,clear sky
402,Pitimbu,BR,2022-07-27 15:32:46,-7.4706,-34.8086,82.99,67,16,15.28,few clouds
403,Kingaroy,AU,2022-07-27 15:38:43,-26.5333,151.8333,43.16,78,4,6.26,clear sky
404,Carbonia,IT,2022-07-27 15:38:44,39.1672,8.5222,94.15,41,0,17.31,clear sky
405,Dingle,PH,2022-07-27 15:38:44,10.9995,122.6711,76.84,88,71,2.46,broken clouds
406,Uyskoye,RU,2022-07-27 15:38:44,54.3775,60.0047,62.15,79,100,8.16,overcast clouds
407,Rock Springs,US,2022-07-27 15:38:09,41.5875,-109.2029,76.23,44,0,6.91,clear sky
408,Birjand,IR,2022-07-27 15:38:45,32.8663,59.2211,91.87,29,75,11.5,haze
409,Kisanga,TZ,2022-07-27 15:38:45,-7.4362,37.7034,76.64,50,82,2.35,broken clouds
410,Preobrazheniye,RU,2022-07-27 15:38:46,42.9019,133.9064,69.6,94,10,5.32,clear sky
411,Pokhara,NP,2022-07-27 15:38:46,28.2333,83.9833,72.5,92,100,1.3,light rain
412,Andra,RU,2022-07-27 15:38:46,62.5147,65.8878,61.0,57,87,3.8,overcast clouds
413,Indian Head,US,2022-07-27 15:37:27,38.6001,-77.1622,88.05,72,40,5.99,haze
414,Lata,PT,2022-07-27 15:38:47,40.1629,-8.3327,83.48,45,0,13.15,clear sky
415,Dunedin,NZ,2022-07-27 15:36:19,-45.8742,170.5036,45.57,94,100,9.08,overcast clouds
416,Nyuksenitsa,RU,2022-07-27 15:38:47,60.4128,44.2397,72.41,75,47,4.25,scattered clouds
417,Haimen,CN,2022-07-27 15:38:47,23.1935,116.6142,84.09,83,95,5.39,overcast clouds
418,Lavrentiya,RU,2022-07-27 15:38:48,65.5833,-171.0,40.17,81,64,4.52,broken clouds
419,Debre Tabor,ET,2022-07-27 15:38:48,11.85,38.0167,53.04,93,100,2.51,heavy intensity rain
420,Pangkalanbuun,ID,2022-07-27 15:38:49,-2.6833,111.6167,73.99,99,100,0.92,extreme rain
421,Kokopo,PG,2022-07-27 15:38:49,-4.352,152.2633,77.41,83,72,7.67,broken clouds
422,Aketi,CD,2022-07-27 15:38:49,2.7388,23.7833,74.01,96,100,2.73,light rain
423,Zheleznodorozhnyy,RU,2022-07-27 15:34:40,55.7503,38.0042,85.55,53,26,5.73,scattered clouds
424,Peterhead,GB,2022-07-27 15:38:50,57.5058,-1.7981,63.0,73,86,5.68,overcast clouds
425,Avera,US,2022-07-27 15:38:50,33.194,-82.5271,89.55,44,76,8.32,broken clouds
426,Rocky Mountain House,CA,2022-07-27 15:38:50,52.3668,-114.9188,68.81,67,24,0.63,few clouds
427,Mae Ramat,TH,2022-07-27 15:38:51,16.984,98.5166,76.44,95,3,0.29,clear sky
428,Maamba,ZM,2022-07-27 15:38:51,-17.3667,27.15,66.76,42,0,4.59,clear sky
429,Dubrovnik,HR,2022-07-27 15:35:49,42.6481,18.0922,91.04,35,20,6.91,few clouds
430,Tual,ID,2022-07-27 15:38:52,-5.6667,132.75,78.96,84,50,23.2,scattered clouds
431,Solnechnyy,RU,2022-07-27 15:38:52,50.7214,136.6319,60.06,96,0,3.27,clear sky
432,Gull Lake,CA,2022-07-27 15:38:52,50.1001,-108.4847,69.42,32,2,5.64,clear sky
433,Sioux Lookout,CA,2022-07-27 15:38:53,50.1001,-91.917,64.47,72,75,5.75,broken clouds
434,Hofn,IS,2022-07-27 15:38:53,64.2539,-15.2082,53.62,94,100,9.22,drizzle rain
435,Chingirlau,KZ,2022-07-27 15:38:53,51.095,54.0814,73.35,64,90,10.76,overcast clouds
436,Dongzhen,CN,2022-07-27 15:38:54,22.3797,110.9389,79.61,87,60,1.59,broken clouds
437,Nuevo Progreso,MX,2022-07-27 15:38:54,23.1667,-97.95,86.54,62,97,1.01,overcast clouds
438,Koshurnikovo,RU,2022-07-27 15:38:54,54.1667,93.3,49.55,86,3,3.47,clear sky
439,Idenao,CM,2022-07-27 15:38:55,4.2475,9.0047,76.37,92,89,7.47,light rain
440,Sinnamary,GF,2022-07-27 15:38:55,5.3833,-52.95,84.11,70,85,5.55,overcast clouds
441,Vestmannaeyjar,IS,2022-07-27 15:38:56,63.4427,-20.2734,54.59,94,100,17.27,fog
442,Misratah,LY,2022-07-27 15:38:56,32.3754,15.0925,87.42,50,0,10.2,clear sky
443,Sergeyevka,KZ,2022-07-27 15:38:56,53.88,67.4158,64.65,86,100,16.15,overcast clouds
444,Katangli,RU,2022-07-27 15:38:57,51.7102,143.2326,53.74,87,100,4.72,overcast clouds
445,Naze,JP,2022-07-27 15:38:57,28.3667,129.4833,79.72,82,49,9.84,scattered clouds
446,Kavarskas,LT,2022-07-27 15:38:57,55.4333,24.9167,63.0,74,89,7.49,overcast clouds
447,Orcopampa,PE,2022-07-27 15:38:58,-15.2661,-72.3417,57.0,29,7,5.08,clear sky
448,Mantua,IT,2022-07-27 15:34:19,45.1667,10.7833,88.41,56,56,3.0,broken clouds
449,Bulgan,MN,2022-07-27 15:38:58,48.8125,103.5347,52.77,89,99,2.28,light rain
450,Santa Paula,US,2022-07-27 15:38:58,34.3542,-119.0593,75.67,82,100,0.0,overcast clouds
451,Ayan,RU,2022-07-27 15:38:59,56.45,138.1667,57.63,88,48,3.87,scattered clouds
452,Porto Novo,BJ,2022-07-27 15:38:59,6.4965,2.6036,80.42,81,100,11.05,light rain
453,Mweka,CD,2022-07-27 15:38:59,-4.85,21.5667,87.06,28,94,1.57,overcast clouds
454,Coquimbo,CL,2022-07-27 15:38:54,-29.9533,-71.3436,55.13,82,0,2.3,clear sky
455,Oriximina,BR,2022-07-27 15:39:00,-1.7656,-55.8661,90.21,48,100,5.82,light rain
456,Stykkisholmur,IS,2022-07-27 15:39:00,65.0757,-22.7297,52.63,95,100,12.75,overcast clouds
457,Grand Gaube,MU,2022-07-27 15:39:01,-20.0064,57.6608,70.38,75,5,5.99,clear sky
458,Kruisfontein,ZA,2022-07-27 15:39:01,-34.0033,24.7314,58.89,86,82,3.87,broken clouds
459,Pingxiang,CN,2022-07-27 15:39:02,27.6167,113.85,82.53,61,22,3.09,few clouds
460,Nukus,UZ,2022-07-27 15:39:02,42.4531,59.6103,91.38,24,0,6.91,clear sky
461,Kyra,RU,2022-07-27 15:39:02,49.5776,111.9753,50.4,94,100,3.29,overcast clouds
462,Kahului,US,2022-07-27 15:39:03,20.8947,-156.47,75.85,76,75,17.27,broken clouds
463,Karratha,AU,2022-07-27 15:36:31,-20.7377,116.8463,70.02,68,10,6.31,clear sky
464,Mandan,US,2022-07-27 15:38:42,46.8267,-100.8896,73.36,53,0,10.36,clear sky
465,Bontang,ID,2022-07-27 15:39:03,0.1333,117.5,78.94,85,100,1.9,overcast clouds
466,Qui Nhon,VN,2022-07-27 15:39:04,13.7667,109.2333,80.55,85,24,8.05,few clouds
467,Constantine,DZ,2022-07-27 15:39:04,36.365,6.6147,90.48,36,6,15.41,clear sky
468,Tombouctou,ML,2022-07-27 15:39:04,20.0,-3.0,109.99,5,0,3.8,clear sky
469,Batticaloa,LK,2022-07-27 15:39:05,7.7102,81.6924,81.1,74,100,3.29,overcast clouds
470,Synya,RU,2022-07-27 15:39:05,65.3718,58.0387,66.2,52,40,3.69,scattered clouds
471,Ust-Maya,RU,2022-07-27 15:39:05,60.4167,134.5333,67.17,65,55,1.9,broken clouds
472,Ukiah,US,2022-07-27 15:39:06,39.1502,-123.2078,81.45,72,0,4.61,clear sky
473,Tete,MZ,2022-07-27 15:39:06,-16.1564,33.5867,77.09,44,20,10.36,few clouds
474,Manggar,ID,2022-07-27 15:39:06,-2.8833,108.2667,81.05,83,100,9.75,overcast clouds
475,Bristol,US,2022-07-27 15:39:07,41.8334,-71.1662,84.67,49,0,5.01,clear sky
476,Aksu,CN,2022-07-27 15:39:07,41.1231,80.2644,93.16,16,24,24.43,few clouds
477,Anadyr,RU,2022-07-27 15:39:07,64.75,177.4833,45.1,87,75,26.84,broken clouds
478,Yulara,AU,2022-07-27 15:39:08,-25.2406,130.9889,45.32,31,0,9.86,clear sky
479,Piacabucu,BR,2022-07-27 15:39:08,-10.4056,-36.4344,78.93,61,18,8.16,few clouds
480,Verkhnyaya Toyma,RU,2022-07-27 15:39:09,62.2349,44.9985,70.86,72,98,4.34,overcast clouds
481,Pedernales,DO,2022-07-27 15:39:09,18.0384,-71.744,84.78,66,3,8.57,clear sky
482,Turukhansk,RU,2022-07-27 15:39:09,65.8167,87.9833,62.53,61,47,6.6,scattered clouds
483,Pando,UY,2022-07-27 15:39:10,-34.7167,-55.95,66.6,82,100,8.05,light rain
484,Novobirilyussy,RU,2022-07-27 15:39:10,56.9514,90.6661,56.37,91,96,5.1,overcast clouds
485,Desaguadero,PE,2022-07-27 15:39:10,-16.5656,-69.0417,51.84,34,6,4.32,clear sky
486,Port Hedland,AU,2022-07-27 15:39:11,-20.3167,118.5667,60.85,67,3,8.05,clear sky
487,Plattsburgh,US,2022-07-27 15:39:11,44.6995,-73.4529,81.37,61,0,12.66,clear sky
488,Uyemskiy,RU,2022-07-27 15:39:11,64.4743,40.8524,68.05,100,75,4.47,broken clouds
489,Vohibinany,MG,2022-07-27 15:39:12,-17.35,49.0333,62.38,97,7,1.25,clear sky
490,Vila Franca Do Campo,PT,2022-07-27 15:32:37,37.7167,-25.4333,75.61,65,86,7.34,overcast clouds
491,Dudinka,RU,2022-07-27 15:39:12,69.4058,86.1778,58.64,69,100,7.61,overcast clouds
492,Saint-Augustin,CA,2022-07-27 15:39:12,51.226,-58.6502,68.99,58,98,6.02,overcast clouds
493,Erdaojiang,CN,2022-07-27 15:39:13,41.7764,126.0319,68.76,95,10,2.75,clear sky
494,Bafq,IR,2022-07-27 15:39:13,31.6128,55.4107,91.8,41,58,11.99,light rain
495,Grand-Lahou,CI,2022-07-27 15:39:13,5.1367,-5.0242,78.24,80,86,14.07,light rain
496,Athabasca,CA,2022-07-27 15:39:14,54.7169,-113.2854,68.41,57,68,0.98,broken clouds
497,Bayonne,FR,2022-07-27 15:39:14,43.3333,-1.4167,75.15,53,0,11.5,clear sky
498,Aklavik,CA,2022-07-27 15:39:14,68.2191,-135.0107,56.08,48,78,17.07,broken clouds
499,Peleduy,RU,2022-07-27 15:39:15,59.6289,112.7406,66.52,99,100,1.48,light rain
500,Eureka,US,2022-07-27 15:35:47,40.8021,-124.1637,56.25,88,57,3.71,broken clouds
501,Marang,MY,2022-07-27 15:39:15,5.2056,103.2059,76.93,86,68,8.7,broken clouds
502,Marsabit,KE,2022-07-27 15:39:16,2.3284,37.9899,70.18,48,22,18.5,few clouds
503,Shimoda,JP,2022-07-27 15:32:31,34.6667,138.95,77.11,93,91,7.2,overcast clouds
504,Coahuayana,MX,2022-07-27 15:37:49,18.7333,-103.6833,86.25,58,100,1.23,overcast clouds
505,Glenluce,GB,2022-07-27 15:39:16,54.8798,-4.8084,59.05,65,100,3.13,overcast clouds
506,Pierre,US,2022-07-27 15:39:17,44.3683,-100.351,76.05,65,20,7.0,few clouds
507,Asosa,ET,2022-07-27 15:39:17,10.0667,34.5333,59.43,97,100,0.63,light rain
508,Jalu,LY,2022-07-27 15:39:17,29.0331,21.5482,100.0,14,0,14.38,clear sky
509,Jijiga,ET,2022-07-27 15:39:18,9.35,42.8,70.84,50,18,14.79,few clouds
510,Newport,GB,2022-07-27 15:39:18,51.5877,-2.9984,71.26,54,100,4.7,overcast clouds
511,Maceio,BR,2022-07-27 15:39:19,-9.6658,-35.7353,78.24,83,75,3.44,broken clouds
512,Ghanzi,BW,2022-07-27 15:34:36,-21.5667,21.7833,70.11,23,2,5.75,clear sky
513,Mugur-Aksy,RU,2022-07-27 15:39:19,50.35,90.5,48.6,70,14,0.29,few clouds
514,Saint-Francois,FR,2022-07-27 15:39:20,46.4154,3.9054,80.04,29,0,8.05,clear sky
515,Nizhniy Kuranakh,RU,2022-07-27 15:39:20,58.8353,125.4869,63.88,78,0,3.09,clear sky
516,Kirando,TZ,2022-07-27 15:39:20,-7.4167,30.6,74.82,53,20,3.83,few clouds
517,Hoganas,SE,2022-07-27 15:39:21,56.1997,12.558,64.8,69,83,18.99,broken clouds
518,Nevel,RU,2022-07-27 15:39:21,56.0209,29.9284,61.48,98,100,5.44,overcast clouds
519,Sorrento,IT,2022-07-27 15:39:21,40.626,14.3744,90.09,79,0,6.91,clear sky
520,Vilhena,BR,2022-07-27 15:39:22,-12.7406,-60.1458,86.22,35,0,10.36,clear sky
521,Xiamen,CN,2022-07-27 15:37:32,24.4798,118.0819,86.05,79,79,2.24,broken clouds
522,Kulhudhuffushi,MV,2022-07-27 15:39:22,6.6221,73.07,81.82,78,30,15.19,scattered clouds
523,Celestun,MX,2022-07-27 15:39:23,20.8667,-90.4,86.22,62,4,3.18,clear sky
524,Camapua,BR,2022-07-27 15:39:23,-19.5314,-54.0439,91.26,17,3,5.35,clear sky
525,Las Cruces,US,2022-07-27 15:38:04,32.3123,-106.7783,80.71,57,75,8.05,broken clouds
526,Conde,BR,2022-07-27 15:39:23,-7.2597,-34.9075,81.86,65,75,16.11,broken clouds
527,Bosaso,SO,2022-07-27 15:39:24,11.2842,49.1816,88.57,53,58,2.86,broken clouds
528,Turayf,SA,2022-07-27 15:39:24,31.6725,38.6637,98.85,13,0,6.91,clear sky
529,Upington,ZA,2022-07-27 15:39:24,-28.4478,21.2561,71.98,26,0,5.75,clear sky
530,Ulverstone,AU,2022-07-27 15:39:25,-41.15,146.1667,47.21,68,65,10.96,broken clouds
531,Beringovskiy,RU,2022-07-27 15:39:25,63.05,179.3167,46.42,90,81,4.47,broken clouds
532,Passo Fundo,BR,2022-07-27 15:39:25,-28.2628,-52.4067,66.45,72,0,6.91,clear sky
533,Kannangad,IN,2022-07-27 15:39:26,12.3081,75.1063,78.87,88,97,7.9,light rain
534,Polunochnoye,RU,2022-07-27 15:39:26,60.8697,60.4153,60.62,66,0,1.83,clear sky
535,Brodokalmak,RU,2022-07-27 15:39:26,55.5748,62.082,67.1,78,80,6.08,broken clouds
536,Beroroha,MG,2022-07-27 15:39:27,-21.6667,45.1667,74.91,40,9,3.15,clear sky
537,Bay Roberts,CA,2022-07-27 15:39:27,47.5999,-53.2648,69.55,94,100,1.99,overcast clouds
538,Ferrol,ES,2022-07-27 15:39:27,43.4832,-8.2369,75.09,68,1,11.99,clear sky
539,Talnakh,RU,2022-07-27 15:39:28,69.4865,88.3972,62.24,50,100,3.13,overcast clouds
540,Byron Bay,AU,2022-07-27 15:39:28,-28.65,153.6167,50.94,70,3,8.68,clear sky
541,Alpena,US,2022-07-27 15:39:28,45.0617,-83.4327,70.18,85,100,8.05,overcast clouds
542,Merauke,ID,2022-07-27 15:39:29,-8.4667,140.3333,76.42,84,95,16.24,overcast clouds
543,Tres De Maio,BR,2022-07-27 15:39:29,-27.7733,-54.24,74.73,65,80,7.09,broken clouds
544,Amapa,BR,2022-07-27 15:39:29,1.0,-52.0,83.79,72,45,3.78,scattered clouds
545,Kavieng,PG,2022-07-27 15:39:30,-2.5744,150.7967,82.13,73,83,16.37,broken clouds
546,Niimi,JP,2022-07-27 15:39:30,34.9833,133.4667,74.39,99,100,1.95,overcast clouds
547,Black River,JM,2022-07-27 15:39:30,18.0264,-77.8487,85.86,65,18,6.93,few clouds
548,Onega,RU,2022-07-27 15:39:31,63.9061,38.1404,71.04,71,98,8.14,overcast clouds
549,Cabra,ES,2022-07-27 15:39:31,37.4725,-4.4421,94.78,11,0,15.14,clear sky
550,Nabire,ID,2022-07-27 15:39:31,-3.3667,135.4833,75.6,92,100,3.27,overcast clouds
551,Skeldon,GY,2022-07-27 15:39:32,5.8833,-57.1333,84.4,70,50,3.49,scattered clouds
552,Tulum,MX,2022-07-27 15:39:32,20.2167,-87.4667,88.38,59,55,8.84,broken clouds
553,Haileybury,CA,2022-07-27 15:39:32,47.449,-79.6373,70.38,49,100,8.86,overcast clouds
554,Filingue,NE,2022-07-27 15:39:33,14.3521,3.3168,97.18,35,19,16.31,few clouds
555,Trofors,NO,2022-07-27 15:39:33,65.5333,13.4063,53.47,79,100,7.36,overcast clouds
556,Kaspiyskiy,RU,2022-07-27 15:39:33,45.3929,47.3707,77.14,54,100,5.32,light rain
557,Bondoukou,CI,2022-07-27 15:39:34,8.0333,-2.8,80.98,66,96,5.01,overcast clouds
558,Bandarbeyla,SO,2022-07-27 15:39:34,9.4942,50.8122,77.34,81,94,31.25,overcast clouds
559,Tadine,NC,2022-07-27 15:39:35,-21.55,167.8833,68.68,78,0,6.02,clear sky
560,Waggaman,US,2022-07-27 15:39:35,29.9185,-90.2109,91.0,65,40,5.99,scattered clouds
561,Bitung,ID,2022-07-27 15:39:35,1.4451,125.1824,77.85,85,99,10.78,overcast clouds
562,Raudeberg,NO,2022-07-27 15:39:36,61.9875,5.1352,54.27,73,28,10.6,scattered clouds
563,Tingi,TZ,2022-07-27 15:39:36,-11.3,35.0333,58.28,81,39,3.06,scattered clouds
564,Mirabela,BR,2022-07-27 15:39:36,-16.2628,-44.1644,78.93,31,0,8.93,clear sky
565,Terme,TR,2022-07-27 15:39:37,41.2092,36.9739,80.53,65,0,4.16,clear sky
566,Puerto Escondido,MX,2022-07-27 15:39:37,15.85,-97.0667,79.63,78,40,9.22,scattered clouds
567,Diffa,NE,2022-07-27 15:39:37,13.3154,12.6113,87.19,55,100,11.95,light rain
568,Kelvington,CA,2022-07-27 15:39:38,52.1667,-103.5343,60.46,64,45,13.4,scattered clouds
569,Arlit,NE,2022-07-27 15:39:38,18.7369,7.3853,106.74,8,10,6.62,clear sky
570,Erzin,TR,2022-07-27 15:39:38,36.9559,36.2,84.47,55,0,8.81,clear sky
571,Panama City,PA,2022-07-27 15:38:38,8.9936,-79.5197,87.17,71,40,9.22,scattered clouds
572,Vostok,RU,2022-07-27 15:39:39,46.4856,135.8833,62.31,96,75,3.4,broken clouds
573,Chicama,PE,2022-07-27 15:39:39,-7.8447,-79.1469,59.54,67,56,7.83,broken clouds
574,Kadoma,JP,2022-07-27 15:39:40,34.7333,135.5833,84.2,66,75,3.44,broken clouds
575,Luganville,VU,2022-07-27 15:39:40,-15.5333,167.1667,77.41,87,90,2.75,overcast clouds
576,Scarborough,GB,2022-07-27 15:39:40,54.2797,-0.4044,69.37,65,86,8.99,overcast clouds
577,Lagoa,PT,2022-07-27 15:32:42,39.05,-27.9833,73.78,90,75,11.61,broken clouds
578,Kutum,SD,2022-07-27 15:39:41,14.2,24.6667,77.76,55,98,13.24,light rain
579,Yumen,CN,2022-07-27 15:39:41,40.2833,97.2,82.15,10,24,7.54,few clouds
580,Oktyabrskiy,RU,2022-07-27 15:39:41,54.4815,53.471,68.95,82,95,6.6,overcast clouds
581,Joshimath,IN,2022-07-27 15:39:42,30.5667,79.5667,71.22,93,100,1.12,overcast clouds
582,Mendoza,AR,2022-07-27 15:39:42,-32.8908,-68.8272,44.13,100,75,5.75,light intensity drizzle
583,Puerto Armuelles,PA,2022-07-27 15:39:42,8.2833,-82.8667,80.58,72,37,3.56,scattered clouds
584,Vetapalem,IN,2022-07-27 15:39:43,15.7833,80.3167,83.19,80,57,8.81,broken clouds
585,Ouallam,NE,2022-07-27 15:39:43,14.3188,2.0866,97.36,33,7,17.29,clear sky
586,Tomatlan,MX,2022-07-27 15:39:43,19.9333,-105.25,82.99,66,100,1.7,overcast clouds
587,Salekhard,RU,2022-07-27 15:39:44,66.53,66.6019,60.62,64,5,1.95,clear sky
588,Riyadh,SA,2022-07-27 15:35:09,24.6877,46.7219,105.94,9,100,4.18,overcast clouds
589,Ridgecrest,US,2022-07-27 15:35:49,35.6225,-117.6709,89.65,22,75,5.01,broken clouds
590,Chifeng,CN,2022-07-27 15:39:44,42.2683,118.9636,69.84,83,100,3.65,light rain
591,Gaogou,CN,2022-07-27 15:39:45,34.0175,119.1886,77.74,88,11,4.85,few clouds
592,Takhtamygda,RU,2022-07-27 15:39:45,54.1,123.5667,63.59,97,100,2.3,overcast clouds
593,Mansa,IN,2022-07-27 15:39:45,29.9833,75.3833,88.48,61,84,6.2,broken clouds
594,Ekhabi,RU,2022-07-27 15:39:46,53.5102,142.9671,51.69,93,34,6.44,scattered clouds
595,Caravelas,BR,2022-07-27 15:39:46,-17.7125,-39.2481,76.75,64,40,6.85,scattered clouds
596,Deer Lake,CA,2022-07-27 15:39:46,49.1667,-57.4316,71.46,73,75,4.61,broken clouds
597,San Ignacio,BZ,2022-07-27 15:39:47,17.1561,-89.0714,77.14,83,75,4.61,broken clouds
598,Ojinaga,MX,2022-07-27 15:37:12,29.5667,-104.4167,83.35,51,0,0.0,clear sky
599,Luangwa,ZM,2022-07-27 15:39:47,-15.6167,30.4167,70.25,55,1,2.86,clear sky
600,Pilar,BR,2022-07-27 15:39:48,-9.5972,-35.9567,76.93,66,98,7.76,overcast clouds
601,Porto Seguro,BR,2022-07-27 15:39:40,-16.4497,-39.0647,77.52,65,20,8.05,few clouds
602,Malakal,SS,2022-07-27 15:39:48,9.5334,31.6605,73.9,90,100,4.9,moderate rain
603,Ust-Tsilma,RU,2022-07-27 15:39:49,65.441,52.1498,73.06,44,32,4.72,scattered clouds
604,Nazarovo,RU,2022-07-27 15:39:49,56.0064,90.3914,55.71,86,88,4.9,overcast clouds
605,Linqiong,CN,2022-07-27 15:39:49,30.4159,103.4609,76.82,79,100,4.54,overcast clouds
606,Gourcy,BF,2022-07-27 15:39:50,13.2167,-2.35,94.3,40,49,14.58,scattered clouds
607,Esmeraldas,BR,2022-07-27 15:39:50,-19.7625,-44.3139,73.51,32,0,5.3,clear sky
608,Avallon,FR,2022-07-27 15:39:50,47.4833,3.9,81.14,26,43,7.11,scattered clouds
609,Le Port,RE,2022-07-27 15:39:51,-20.9373,55.2919,70.61,76,38,4.32,scattered clouds
610,Ibra,OM,2022-07-27 15:39:51,22.6906,58.5334,83.35,60,43,14.45,scattered clouds
611,Saquena,PE,2022-07-27 15:39:51,-4.6667,-73.5167,87.48,57,41,1.72,scattered clouds
612,Altar,MX,2022-07-27 15:39:51,30.7,-111.8167,83.21,56,90,5.48,overcast clouds
613,Qujing,CN,2022-07-27 15:39:52,25.4833,103.7833,62.62,91,100,3.51,overcast clouds
614,Yinchuan,CN,2022-07-27 15:39:52,38.4681,106.2731,80.24,25,4,6.89,clear sky
615,Linxia,CN,2022-07-27 15:39:52,35.6003,103.2064,62.31,55,0,5.59,clear sky
616,Del Rio,US,2022-07-27 15:38:05,29.3627,-100.8968,91.24,58,0,12.66,clear sky
617,Pathein,MM,2022-07-27 15:39:53,16.7833,94.7333,80.82,85,18,5.93,few clouds
618,Hay River,CA,2022-07-27 15:32:34,60.8156,-115.7999,71.58,53,75,10.36,broken clouds
619,Isangel,VU,2022-07-27 15:39:53,-19.55,169.2667,68.11,100,45,1.14,scattered clouds
620,Lichuan,CN,2022-07-27 15:39:54,30.3,108.85,66.97,95,67,0.31,broken clouds
621,Porto Walter,BR,2022-07-27 15:39:54,-8.2686,-72.7439,89.76,47,3,2.82,clear sky
622,Asyut,EG,2022-07-27 15:39:54,27.181,31.1837,100.15,11,0,11.5,clear sky
623,Susaki,JP,2022-07-27 15:39:55,33.3667,133.2833,78.42,91,76,3.56,broken clouds
624,Acapulco,MX,2022-07-27 15:36:16,16.8634,-99.8901,78.62,78,100,8.05,overcast clouds
625,Deputatskiy,RU,2022-07-27 15:39:55,69.3,139.9,44.94,64,38,2.71,scattered clouds
626,Kenai,US,2022-07-27 15:39:56,60.5544,-151.2583,37.49,100,0,0.0,fog
627,Goderich,CA,2022-07-27 15:39:56,43.7501,-81.7165,74.91,73,78,10.36,broken clouds
628,Tsiroanomandidy,MG,2022-07-27 15:39:56,-18.7667,46.0333,69.39,49,21,4.76,few clouds
629,Mende,FR,2022-07-27 15:39:57,44.6667,3.5,73.54,27,7,6.64,clear sky
630,Plettenberg Bay,ZA,2022-07-27 15:39:57,-34.0527,23.3716,57.16,74,14,3.38,few clouds
631,Kashan,IR,2022-07-27 15:39:57,33.9831,51.4364,104.58,16,49,9.93,scattered clouds
632,Slobozia Bradului,RO,2022-07-27 15:39:58,45.5,27.05,83.17,47,62,13.38,broken clouds
633,Tagab,AF,2022-07-27 15:39:58,34.855,69.6492,82.9,62,15,5.84,few clouds
634,Tymovskoye,RU,2022-07-27 15:39:58,50.8456,142.655,52.39,98,87,1.41,overcast clouds
635,Paramonga,PE,2022-07-27 15:39:59,-10.6667,-77.8333,66.45,73,28,11.7,scattered clouds
636,Niquelandia,BR,2022-07-27 15:36:55,-14.4739,-48.4597,87.12,21,0,8.25,clear sky
637,Parainen,FI,2022-07-27 15:39:59,60.3067,22.301,63.48,73,99,13.96,overcast clouds
638,Uruacu,BR,2022-07-27 15:39:59,-14.5247,-49.1408,88.14,19,0,6.58,clear sky
639,Smirnykh,RU,2022-07-27 15:40:00,49.75,142.8333,56.68,99,92,2.66,overcast clouds
640,Lucea,JM,2022-07-27 15:40:00,18.451,-78.1736,87.66,72,24,15.84,few clouds
641,Cap-Aux-Meules,CA,2022-07-27 15:38:55,47.3821,-61.8597,75.25,56,40,10.36,scattered clouds
642,Ostersund,SE,2022-07-27 15:40:00,63.1792,14.6357,54.61,62,40,17.27,scattered clouds
643,Bella Union,UY,2022-07-27 15:40:01,-30.2752,-57.6007,78.93,59,80,11.56,broken clouds
644,Hualmay,PE,2022-07-27 15:40:01,-11.0964,-77.6139,66.38,72,21,11.52,few clouds
645,Zhaotong,CN,2022-07-27 15:40:01,27.3167,103.7167,62.64,90,98,1.25,overcast clouds
646,Presidencia Roque Saenz Pena,AR,2022-07-27 15:40:02,-26.7852,-60.4388,91.8,24,86,11.81,overcast clouds
647,Hastinapur,IN,2022-07-27 15:40:02,29.1667,78.0167,87.13,62,99,6.93,overcast clouds
648,Harper,LR,2022-07-27 15:40:03,4.375,-7.7169,75.54,82,100,11.65,light rain
649,Biak,ID,2022-07-27 15:40:03,-0.9131,122.8766,74.93,89,96,7.36,overcast clouds
650,Burns Lake,CA,2022-07-27 15:40:03,54.2331,-125.7533,56.62,59,40,1.68,scattered clouds
651,Paoua,CF,2022-07-27 15:40:04,7.2427,16.4406,73.69,93,100,4.7,light rain
652,Salinopolis,BR,2022-07-27 15:40:04,-0.6136,-47.3561,84.43,68,19,10.65,few clouds
653,Pahalgam,IN,2022-07-27 15:40:04,34.0333,75.3333,62.83,93,100,0.92,moderate rain
654,Atar,MR,2022-07-27 15:40:05,20.5169,-13.0499,111.51,9,1,20.4,clear sky
655,Yuzhno-Kurilsk,RU,2022-07-27 15:40:05,44.0306,145.8556,62.94,99,96,4.0,overcast clouds
656,Itarema,BR,2022-07-27 15:40:06,-2.9248,-39.9167,86.81,54,23,17.34,few clouds
657,Qeshm,IR,2022-07-27 15:40:06,26.9581,56.2719,87.69,76,84,21.61,moderate rain
658,Ixtapa,MX,2022-07-27 15:40:06,20.7,-105.2,82.22,88,100,3.44,overcast clouds
659,Sao Paulo Do Potengi,BR,2022-07-27 15:40:07,-5.895,-35.7628,80.71,63,41,12.39,scattered clouds
660,Hailey,US,2022-07-27 15:35:09,43.5196,-114.3153,77.79,39,0,8.05,clear sky
661,Igarka,RU,2022-07-27 15:40:07,67.4667,86.5833,60.28,66,100,5.77,light rain
662,Mahajanga,MG,2022-07-27 15:40:07,-15.7167,46.3167,75.22,69,20,8.05,few clouds
663,Ushtobe,KZ,2022-07-27 15:40:08,45.2514,77.9838,89.47,13,41,11.36,scattered clouds
664,San Quintin,MX,2022-07-27 15:40:08,30.4833,-115.95,69.49,78,99,7.9,overcast clouds
665,La Palma,US,2022-07-27 15:38:18,33.8464,-118.0467,74.71,83,100,3.44,haze
666,Ballina,AU,2022-07-27 15:40:09,-28.8667,153.5667,51.01,68,4,8.93,clear sky
667,Oistins,BB,2022-07-27 15:40:09,13.0667,-59.5333,82.49,78,75,20.71,broken clouds
668,Rabo De Peixe,PT,2022-07-27 15:40:09,37.8,-25.5833,74.71,88,20,18.41,few clouds
669,Thurso,GB,2022-07-27 15:40:10,58.5927,-3.5259,58.86,80,99,2.44,overcast clouds
670,Bukachacha,RU,2022-07-27 15:40:10,52.9833,116.9167,56.41,96,11,0.27,light rain
671,Luau,AO,2022-07-27 15:40:10,-10.7073,22.2247,78.71,20,81,2.64,broken clouds
672,Selkirk,CA,2022-07-27 15:40:11,50.1436,-96.8845,64.09,87,83,19.6,broken clouds
673,Chapais,CA,2022-07-27 15:40:11,49.7834,-74.8492,69.58,66,100,3.06,overcast clouds
674,Pakxe,LA,2022-07-27 15:40:11,15.1167,105.7833,77.77,89,85,2.59,overcast clouds
675,Joensuu,FI,2022-07-27 15:40:12,62.6012,29.7632,70.29,60,0,8.05,clear sky
676,Oudtshoorn,ZA,2022-07-27 15:40:12,-33.5907,22.2014,55.76,67,1,6.33,clear sky
677,Narrabri,AU,2022-07-27 15:40:12,-30.3167,149.7833,44.4,81,87,4.25,overcast clouds
678,Payakumbuh,ID,2022-07-27 15:40:13,-0.2202,100.6308,69.84,97,72,2.73,broken clouds
679,Okhotsk,RU,2022-07-27 15:40:13,59.3833,143.3,55.36,91,68,2.51,broken clouds
680,San Jeronimo,PE,2022-07-27 15:40:13,-11.9472,-75.2829,56.46,47,23,2.84,few clouds
681,Cabinda,AO,2022-07-27 15:40:14,-5.55,12.2,77.14,69,75,5.75,broken clouds
682,Kandrian,PG,2022-07-27 15:40:14,-6.2167,149.55,77.79,88,80,7.67,broken clouds
683,Sarakhs,IR,2022-07-27 15:40:15,36.5449,61.1577,96.64,21,1,9.91,clear sky
684,Takaka,NZ,2022-07-27 15:40:15,-40.85,172.8,51.57,94,100,3.2,light rain
685,Yanam,IN,2022-07-27 15:40:15,16.7333,82.2167,79.68,85,34,3.18,scattered clouds
686,Port Maria,JM,2022-07-27 15:40:16,18.3685,-76.8895,91.06,86,80,13.49,broken clouds
687,Flinders,AU,2022-07-27 15:40:16,-34.5833,150.8552,53.19,70,38,7.0,scattered clouds
688,Fernandina Beach,US,2022-07-27 15:38:28,30.6697,-81.4626,91.0,67,0,9.22,clear sky
689,Samandag,TR,2022-07-27 15:40:17,36.0842,35.9771,90.12,48,0,5.86,clear sky
690,Meiganga,CM,2022-07-27 15:40:17,6.5167,14.3,71.46,93,100,4.5,light rain
691,Huaiyin,CN,2022-07-27 15:40:17,33.5886,119.0192,79.5,80,36,3.53,scattered clouds
692,Sulangan,PH,2022-07-27 15:40:18,11.1373,123.7228,84.99,71,82,7.72,light rain
693,Kirakira,SB,2022-07-27 15:40:18,-10.4544,161.9205,77.86,86,81,4.9,broken clouds
694,Watertown,US,2022-07-27 15:39:36,42.3709,-71.1828,84.25,43,0,5.75,clear sky
695,Grindu,RO,2022-07-27 15:40:19,44.7667,26.9167,91.65,27,65,16.08,broken clouds
696,Lodeynoye Pole,RU,2022-07-27 15:40:19,60.726,33.5531,68.68,73,100,6.62,overcast clouds
697,Sayhat,SA,2022-07-27 15:40:19,26.4852,50.0405,98.82,59,100,13.56,light rain
698,Hobyo,SO,2022-07-27 15:40:20,5.3505,48.5268,77.23,74,86,25.79,overcast clouds
699,Jumla,NP,2022-07-27 15:40:20,29.2747,82.1838,63.25,98,100,0.34,overcast clouds
700,Constitucion,CL,2022-07-27 15:40:20,-35.3333,-72.4167,55.17,71,1,5.06,clear sky
701,Sistranda,NO,2022-07-27 15:40:21,63.7256,8.834,53.56,74,100,15.64,overcast clouds
702,Santa Maria Da Boa Vista,BR,2022-07-27 15:40:21,-8.8078,-39.8256,83.95,39,61,11.9,broken clouds
703,Port Moresby,PG,2022-07-27 15:40:21,-9.4431,147.1797,76.42,88,75,11.5,broken clouds
704,Bodo,NO,2022-07-27 15:40:22,67.28,14.405,54.64,84,75,19.57,broken clouds
705,Sembe,CG,2022-07-27 15:40:22,1.6481,14.5806,79.36,71,92,2.15,overcast clouds
706,Ulaangom,MN,2022-07-27 15:40:22,49.9811,92.0667,58.21,50,13,1.81,few clouds
707,Ganserndorf,AT,2022-07-27 15:40:23,48.3392,16.7202,78.57,38,99,3.78,light rain
708,Broken Hill,AU,2022-07-27 15:32:46,-31.95,141.4333,45.21,63,1,4.52,clear sky
709,Lakes Entrance,AU,2022-07-27 15:40:23,-37.8811,147.981,48.16,74,74,9.33,broken clouds
710,Sorland,NO,2022-07-27 15:40:24,67.667,12.6934,51.66,77,73,17.49,broken clouds
711,Hovd,MN,2022-07-27 15:40:24,48.0056,91.6419,63.14,37,100,3.51,overcast clouds
712,Lerwick,GB,2022-07-27 15:40:24,60.1545,-1.1494,57.2,71,87,8.03,overcast clouds
713,Tukrah,LY,2022-07-27 15:40:25,32.5341,20.5791,83.93,63,0,10.13,clear sky
714,Warwick,US,2022-07-27 15:36:37,41.7001,-71.4162,85.01,48,75,9.22,broken clouds
715,Ilebo,CD,2022-07-27 15:40:25,-4.3167,20.5833,90.21,28,100,2.46,overcast clouds
716,Paita,PE,2022-07-27 15:40:25,-5.0892,-81.1144,69.39,72,45,10.76,scattered clouds
717,Banda Aceh,ID,2022-07-27 15:40:26,5.5577,95.3222,79.41,80,100,6.76,moderate rain
